-- MySQL dump 10.13  Distrib 5.6.17, for Win64 (x86_64)
--
-- Host: localhost    Database: iphone
-- ------------------------------------------------------
-- Server version	5.6.17

/*!40101 SET @OLD_CHARACTER_SET_CLIENT=@@CHARACTER_SET_CLIENT */;
/*!40101 SET @OLD_CHARACTER_SET_RESULTS=@@CHARACTER_SET_RESULTS */;
/*!40101 SET @OLD_COLLATION_CONNECTION=@@COLLATION_CONNECTION */;
/*!40101 SET NAMES utf8 */;
/*!40103 SET @OLD_TIME_ZONE=@@TIME_ZONE */;
/*!40103 SET TIME_ZONE='+00:00' */;
/*!40014 SET @OLD_UNIQUE_CHECKS=@@UNIQUE_CHECKS, UNIQUE_CHECKS=0 */;
/*!40014 SET @OLD_FOREIGN_KEY_CHECKS=@@FOREIGN_KEY_CHECKS, FOREIGN_KEY_CHECKS=0 */;
/*!40101 SET @OLD_SQL_MODE=@@SQL_MODE, SQL_MODE='NO_AUTO_VALUE_ON_ZERO' */;
/*!40111 SET @OLD_SQL_NOTES=@@SQL_NOTES, SQL_NOTES=0 */;

--
-- Table structure for table `application_form`
--

DROP TABLE IF EXISTS `application_form`;
/*!40101 SET @saved_cs_client     = @@character_set_client */;
/*!40101 SET character_set_client = utf8 */;
CREATE TABLE `application_form` (
  `id` int(11) NOT NULL AUTO_INCREMENT,
  `name` varchar(45) DEFAULT NULL,
  `email` varchar(100) DEFAULT NULL,
  `phone` text,
  `deviceassign_id` int(11) DEFAULT NULL,
  `price` int(11) DEFAULT NULL,
  `service` varchar(60) DEFAULT NULL,
  `device` varchar(60) DEFAULT NULL,
  `subject` varchar(60) DEFAULT NULL,
  `comment` text,
  PRIMARY KEY (`id`)
) ENGINE=InnoDB AUTO_INCREMENT=5 DEFAULT CHARSET=utf8;
/*!40101 SET character_set_client = @saved_cs_client */;

--
-- Dumping data for table `application_form`
--

LOCK TABLES `application_form` WRITE;
/*!40000 ALTER TABLE `application_form` DISABLE KEYS */;
INSERT INTO `application_form` VALUES (1,'Илья',NULL,'897321233',21,NULL,'Замена стекла (стекло + дисплей)','Замена стекла (стекло + дисплей)',NULL,'йцуйцоуйцуцйджуйцйцууацфуац'),(2,'Макс',NULL,'89636568377',24,1291,'Ремонт после попадания влаги','Samsung Galaxy S6',NULL,'нет'),(3,'Макс',NULL,'89273732123',21,10900,'Замена стекла (стекло + дисплей)','Samsung Galaxy S6',NULL,'   Хочу ебааать!!!     '),(4,'Илья',NULL,'2320312',22,2500,'Замена крышки корпуса','Samsung Galaxy S6',NULL,'Хочу ебашить!     ');
/*!40000 ALTER TABLE `application_form` ENABLE KEYS */;
UNLOCK TABLES;

--
-- Table structure for table `article`
--

DROP TABLE IF EXISTS `article`;
/*!40101 SET @saved_cs_client     = @@character_set_client */;
/*!40101 SET character_set_client = utf8 */;
CREATE TABLE `article` (
  `id` int(11) NOT NULL AUTO_INCREMENT,
  `title` varchar(60) NOT NULL,
  `text` text NOT NULL,
  PRIMARY KEY (`id`)
) ENGINE=InnoDB AUTO_INCREMENT=2 DEFAULT CHARSET=utf8;
/*!40101 SET character_set_client = @saved_cs_client */;

--
-- Dumping data for table `article`
--

LOCK TABLES `article` WRITE;
/*!40000 ALTER TABLE `article` DISABLE KEYS */;
INSERT INTO `article` VALUES (1,'Замена стекла (экрана) Asus Nexus 7','<p>Сенсорное стекло у Nexus 7 изготовлен из прочного и износостойкого материала Gorilla Glass, которое имеет повышенное сопротивление к царапинам и ударам. Но, не смотря на это, тачскрин может разбиться. Стоит обратить внимание на то, что сенсорное стекло идет в сборе с экраном.</p><div class=\"collapsible collapse-xs collapsed\">\n<div class=\"collapse-container\">\n<p>Замена стекла у Asus Nexus 7 сопровождается полным разбором самого аппарата, для этого потребуется навык ремонта в данной сфере и специальное оборудование, дабы избежать более дорогостоящего ремонта мы не рекомендуем производить данный вид работ без должного опыта. Благодаря нашим специалистам данная услуга будет осуществлена на профессиональном уровне, при ремонтных работах мы используем только качественное оборудование и запчасти. Стоит отметить, что мы работаем только с оригинальными комплектующими и устанавливаем высококачественные дисплеи. </p>\n</div>');
/*!40000 ALTER TABLE `article` ENABLE KEYS */;
UNLOCK TABLES;

--
-- Table structure for table `category`
--

DROP TABLE IF EXISTS `category`;
/*!40101 SET @saved_cs_client     = @@character_set_client */;
/*!40101 SET character_set_client = utf8 */;
CREATE TABLE `category` (
  `id` int(11) NOT NULL AUTO_INCREMENT,
  `name` varchar(60) NOT NULL,
  PRIMARY KEY (`id`),
  UNIQUE KEY `name_UNIQUE` (`name`)
) ENGINE=InnoDB AUTO_INCREMENT=5 DEFAULT CHARSET=utf8;
/*!40101 SET character_set_client = @saved_cs_client */;

--
-- Dumping data for table `category`
--

LOCK TABLES `category` WRITE;
/*!40000 ALTER TABLE `category` DISABLE KEYS */;
INSERT INTO `category` VALUES (3,'Замена шлейфов и разъемов'),(2,'Ремонт или замена внутренних компонентов'),(1,'Ремонт кнопок'),(4,'Ремонт материнской платы');
/*!40000 ALTER TABLE `category` ENABLE KEYS */;
UNLOCK TABLES;

--
-- Table structure for table `category_article`
--

DROP TABLE IF EXISTS `category_article`;
/*!40101 SET @saved_cs_client     = @@character_set_client */;
/*!40101 SET character_set_client = utf8 */;
CREATE TABLE `category_article` (
  `id` int(11) NOT NULL AUTO_INCREMENT,
  `name` varchar(100) NOT NULL,
  `fulltext` text,
  PRIMARY KEY (`id`),
  UNIQUE KEY `name` (`name`)
) ENGINE=InnoDB AUTO_INCREMENT=5 DEFAULT CHARSET=utf8;
/*!40101 SET character_set_client = @saved_cs_client */;

--
-- Dumping data for table `category_article`
--

LOCK TABLES `category_article` WRITE;
/*!40000 ALTER TABLE `category_article` DISABLE KEYS */;
INSERT INTO `category_article` VALUES (1,'Ремонт Samsung Galaxy S всего модельного ряда','<h2><span data-mce-mark=\"1\">Ремонт Samsung Galaxy S всего модельного ряда</span></h2><p>Компания Samsung имеет давнюю традицию производства качественных продуктов в сфер электроники. Так происходит, с их популярным смартфоном Galaxy S который обладает отличным качеством и богатым функционалом. Но и столь надежная техника выходит из строя. Стоит сказать, что ломаются смартфоны от самсунг в основном по вине их пользователей. Например, частым обращением к нам в сервис является просьба по замене разбитого экрана или трещины на сенсорном стекле. Так же часто приходится производить ремонт после попадания влаги в смартфон.</p><div class=\"collapsible collapse-xs collapsed\">'),(2,'Срочный ремонт телефонов не дорого с гарантией','<p><strong style=\"font-size: 16px;\">Срочный ремонт телефонов не дорого с гарантией</strong></p>\n	<p>В наше время сложно представить человека, который не пользуется мобильным телефона. Не удивительно, что ремонт телефонов одна из самых востребованных услуг.</p>\n	<p>Наши специалисты имеют огромный опыт ремонт мобильной техники, это говорит о том что ремонт телефонов в BMSTUСервис будет осуществлен на профессиональном уровне. Мы готовы взяться за работу любой сложности, имеем опыт восстановления даже самых безнадежных устройств.</p><div class=\"collapsible collapse-xs collapsed\">\n		<div class=\"collapse-container\">\n			<p>Мы предоставляем бесплатную диагностику перед проведением работ, что позволит выявить точную причину поломки, после чего наши мастера произведут ремонт в кратчайшие сроки. </p>\n		</div>\n		<div class=\"collapse-buttons text-xs-center\">\n			<a href=\"#\" class=\"collapse-open\"><i class=\"icon-caret-down\"></i><span>Подробнее</span></a>\n			<a href=\"#\" class=\"collapse-close\"><i class=\"icon-caret-up\"></i><span>Скрыть</span></a>\n		</div>\n	</div>'),(3,'Ремонт Apple в сервисном центре \"BMSTUсервис\"',' <h2>Ремонт Apple в сервисном центре «BMSTUСервис»</h2>\r\n<p style=\"text-align: justify;\">Мы рады предложить Вам услугу ремонта Apple в Москве. Эта категория техники неспроста выделена в отдельный раздел. Дело в том, что \"яблочная\" продукция имеет специфические особенности, из-за которых она сложнее поддается ремонту, чем продукты иных производителей. Это связано с тем, что компания Apple не приветствует тот факт, когда их устройства, попросту говоря, разбирают, и всяческими ухищрениями пытается усложнить доступ к своим гаджетам. И второй момент - это дизайн устройств, который выполнен таким образом, что получить доступ к тому или иному элементу крайне сложно. Для этого существуют специальные сервисные центры, которые осуществляют гарантийный&nbsp;ремонт техники Apple. Мы не предлагаем срочный ремонт за 15 минут, вся работа проделывается поэтапно, начиная с диагностики неисправности и заканчивая проверкой работоспособности отремонтированного оборудования. Стоит также отметить, что мы используем как оригинальные комплектующие, так и качественные аналоги, которые отличает порой только цена. После ремонта Вы получаете полностью рабочее устройство и гарантию на проделанные работы.</p><div class=\"collapsible collapse-xs collapsed\">\r\n<div class=\"collapse-container\">\r\n<p>Наш сервисный центр производит, в том числе, гарантийный&nbsp;ремонт Apple. Обратившись к нам, Вы можете быть уверены, что все работы по ремонту буду проделаны на профессиональном уровне.&nbsp;Многим знакома ситуация, когда что-то выходит из строя и требуется помощь профессионалов, которые знают толк в своем деле. Так и с техникой \"яблочного\" производителя - не каждый специалист готов взяться за ремонт Apple. На то есть свои причины. Во-первых, эта техника имеет совершенно другую структуру и не всегда похожа на остальные компьютеры, планшеты или смартфоны. Во-вторых, для того чтобы осуществить грамотный ремонт Эпл, требуется определенная квалификация.</p>\r\n<p>Сервисный центр «BMSTUСервис» - это профессиональный ремонт Apple в Москве. На все работы предоставляется фирменная гарантия и 10% скидка на последующие услуги.</p>\r\n</div>\r\n<div class=\"collapse-buttons text-xs-center\">\r\n<a href=\"#\" class=\"collapse-open\"><i class=\"icon-caret-down\"></i><span>Подробнее</span></a>\r\n<a href=\"#\" class=\"collapse-close\"><i class=\"icon-caret-up\"></i><span>Скрыть</span></a>\r\n</div>\r\n</div>'),(4,'Ремонт ноутбука на дому в Москве? Без проблем!','<h2>Ремонт ноутбука на дому в Москве? Без проблем!</h2>\r\n<p>Если поломка Вашего ноутбука не существенная, ремонт которой возможен вне стационарного сервиса, например, когда вышла из строя клавиатура или разбился экран ноутбука, то Вы можете вызвать мастера на дом. Специально для этого мы ввели услугу&nbsp;<strong>ремонт ноутбуков в Москве</strong>&nbsp;на дому, благодаря чему Вам не придется тратить свое время и ехать к нам в сервисный центр, для этого достаточно оформить заявку на вызов мастера на дом или офис. Наш специалист приедет в назначенное Вами место и время, проведет предварительную диагностику и выполнит ремонт ноутбука на месте. Ремонт ноутбука на дому позволит Вам не тратить свое время на поездку в сервисный центр ведь большая часть ремонтных работ, возможно, произвести вне сервисного центра, но если вдруг ремонт нельзя осуществить на месте, мастер готов забрать сломанный ноутбук в сервис, а после привезти его обратно.</p><div class=\"collapsible collapse-xs collapsed\">\r\n<div class=\"collapse-container\">\r\n<p>Стоит выделить несколько типов поломок, с которыми нам чаще всего приходится сталкиваться. Ремонт материнской платы ноутбука одна из частых услуг, данный вид ремонт требует специальных навыков у мистера и профессионального оборудования. Сюда же можно отнести и ремонт видеокарты ноутбука, в таком случае на экране могут появляться полосы либо изображение имеет искаженный вид. Для того чтобы предотвратить данный вид поломки следите за системой охлаждения ноутбука, если в него забьется критическое количество пыли то охлаждаться ноутбук будет не достаточно хорошо, вследствие чего велика вероятность выхода из строя видеокарты.</p>\r\n<p>Так же мы производим ремонт разъема питания ноутбука. Довольно таки частая поломка, которая проявляется в не стабильной зарядкой ноутбука от сети либо вовсе отсутствием заряда. Ремонт гнезда питания ноутбука подразумевает вмешательства квалифицированных специалистов.</p>\r\n<p>«BMSTUСервис» осуществляет срочный ремонт ноутбуков, не смотря на это качество выполняемых работ, остается на высоком уровне. Используя только качественные комплектующие, Вы можете быть уверенны, что отремонтированный ноутбук проработает еще очень долго.</p>\r\n</div>\r\n<div class=\"collapse-buttons text-xs-center\">\r\n<a href=\"#\" class=\"collapse-open\"><i class=\"icon-caret-down\"></i><span>Подробнее</span></a>\r\n<a href=\"#\" class=\"collapse-close\"><i class=\"icon-caret-up\"></i><span>Скрыть</span></a>\r\n</div>\r\n</div>');
/*!40000 ALTER TABLE `category_article` ENABLE KEYS */;
UNLOCK TABLES;

--
-- Table structure for table `device`
--

DROP TABLE IF EXISTS `device`;
/*!40101 SET @saved_cs_client     = @@character_set_client */;
/*!40101 SET character_set_client = utf8 */;
CREATE TABLE `device` (
  `id` int(11) NOT NULL AUTO_INCREMENT,
  `name` varchar(60) NOT NULL,
  `description` text,
  `article_id` int(11) NOT NULL,
  `imagename` varchar(100) DEFAULT NULL,
  `alias` varchar(45) DEFAULT NULL,
  `type` tinyint(4) DEFAULT NULL,
  `level` tinyint(4) DEFAULT NULL,
  `lastalias` varchar(40) DEFAULT NULL,
  PRIMARY KEY (`id`),
  UNIQUE KEY `name_UNIQUE` (`name`),
  KEY `fk_device_article1_idx` (`article_id`)
) ENGINE=InnoDB AUTO_INCREMENT=93 DEFAULT CHARSET=utf8;
/*!40101 SET character_set_client = @saved_cs_client */;

--
-- Dumping data for table `device`
--

LOCK TABLES `device` WRITE;
/*!40000 ALTER TABLE `device` DISABLE KEYS */;
INSERT INTO `device` VALUES (1,'Sony Xperia Z2','<p><strong>Ремонт Sony Xperia Z2</strong>&nbsp;в нашем сервисном центре производится опытными специалистами, благодаря чему отремонтированное устройство прослужит Вам еще очень долго. Стоит отметить, что мы используем только качественные и проверенные комплектующие, установка которых гарантирует надежную и стабильную работу смартфона.</p><div class=\"collapsible collapse-xs collapsed\">\r\n<div class=\"collapse-container\">\r\n<p>В большинстве случаев нам приходится сталкиваться с модульным ремонтом, например замена таких элементов как: дисплей, слуховой динамик, корпус или аккумулятор.&nbsp;При падении у смартфона может быть поврежден экран, или разбиться сенсорное стекло, так как данная деталь является самым хрупким составляющим телефона, в таком случае замена стекла будет необходимая процедура. Стоит упомянуть, что перед приемом сломанного устройства мы производим бесплатную первоначальную диагностику, после чего озвучиваем точную стоимость и сроки ремонта. На все услуги распространяется длительная гарантия!</p>\r\n</div>\r\n<div class=\"collapse-buttons text-xs-center\">\r\n<a href=\"#\" class=\"collapse-open\"><i class=\"icon-caret-down\"></i><span>Подробнее</span></a>\r\n<a href=\"#\" class=\"collapse-close\"><i class=\"icon-caret-up\"></i><span>Скрыть</span></a>\r\n</div>\r\n</div>',0,NULL,NULL,2,2,NULL),(2,'Nexus 7','Оценить качество планшетов Nexus 7 успели уже многие владельцы данных гаджетов. Но порой и столь надежная техника дает сбой. Как правило у нас ремонт Nexus 7 занимает минимальное количество времени, при наличии требуемых комплектующих, и в 90% случаев услугу можно осуществить в день обращения.',1,'nexus-7.jpg','nexus-7',3,2,NULL),(3,'Samsung Galaxy S6','<p>Если требуется качественный <strong>ремонт Samsung Galaxy S6,</strong> то мы Вам готовы помочь! Мы выполняем ремонтные работы любой сложности и как правило в сжатые сроки! В этом разделе нашего сайта Вы можете ознакомится с перечнем предоставляемых нами услуг. Стоит отметить что ремонт Samsung Galaxy S6 в нашем сервисном центре осуществляется только опытными мастерами, применяя при этом профессиональное оборудование и оригинальные запчасти. Все это гарантирует долговечную работу Вашего устройства после ремонта в «BMSTUСервис».</p><div class=\"collapsible collapse-xs collapsed\"><div class=\"collapse-container\"><p>Так же мы оказываем и компонентный ремонт — это более сложный вид работ, и требует у мастера квалификации. Например, при выходе из строя, какого-либо элемента материнской платы, влечет за собой более сложный ремонт, который требует навыков и специального оборудования. </p></div><div class=\"collapse-buttons text-xs-center\"><a href=\"#\" class=\"collapse-open\"><i class=\"icon-caret-down\"></i><span>Подробнее</span></a><a href=\"#\" class=\"collapse-close\"><i class=\"icon-caret-up\"></i><span>Скрыть</span></a></div></div>',0,'samsung-galaxy-s6.jpg','samsung-galaxy-s-s6',2,3,NULL),(4,'Samsung Galaxy Alpha','<p>Если требуется качественный&nbsp;<strong>ремонт Samsung Galaxy Alpha,</strong>&nbsp;то мы Вам готовы помочь! Мы выполняем ремонтные работы любой сложности и как правило в сжатые сроки! В этом разделе нашего сайта Вы можете ознакомится с перечнем предоставляемых нами услуг. Стоит отметить что&nbsp;ремонт&nbsp;Samsung&nbsp;Galaxy Alpha в нашем сервисном центре осуществляется только опытными мастерами, применяя при этом профессиональное оборудование и оригинальные запчасти. Все это гарантирует долговечную работу Вашего устройства после ремонта в «BMSTUСервис».</p><div class=\"collapsible collapse-xs collapsed\">\r\n<div class=\"collapse-container\">\r\n<p>Так же мы оказываем и компонентный ремонт — это более сложный вид работ, и требует у мастера квалификации. Например, при выходе из строя, какого-либо элемента материнской платы, влечет за собой более сложный ремонт, который требует навыков и специального оборудования.&nbsp;</p>\r\n</div>\r\n<div class=\"collapse-buttons text-xs-center\">\r\n<a href=\"#\" class=\"collapse-open\"><i class=\"icon-caret-down\"></i><span>Подробнее</span></a>\r\n<a href=\"#\" class=\"collapse-close\"><i class=\"icon-caret-up\"></i><span>Скрыть</span></a>\r\n</div>\r\n</div>',0,'samsung-galaxy-alpha.jpg','samsung-galaxy-alpha',2,2,NULL),(8,'Nexus 6','<p>Если требуется ремонт Nexus 6 то Вам нужен именно этот раздел нашего сайта. Наш сервисный центр имеет большой опыт ремонта гаджетов от компании Google ведь именно эта компания выпускает устройства линейки Nexus а производством занимается компания Motorola.</p>\r\n<p>Стоит отметить что&nbsp;<strong>ремонт Nexus 6</strong>&nbsp;в нашем сервисном центре осуществляется только опытными мастерами, применяя при этом профессиональное оборудование и оригинальные запчасти. Все это гарантирует долговечную работу Вашего устройства после ремонта в «BMSTUСервис». Чаще всего нашим мастерам приходится сталкиваться с модульным ремонтом, то есть замена стекла, если оно было разбито, замена аккумулятора, если он уже не держит заряд. Так же мы оказываем и компонентный ремонт — это более сложный вид работ, и требует у мастера квалификации. Например, при выходе из строя, какого-либо элемента материнской платы, влечет за собой более сложный ремонт, который требует навыков и специального оборудования.&nbsp;</p>',0,'nexus-6.jpg','nexus-6',2,2,NULL),(9,'Nexus 5',' <p>Если требуется ремонт LG Nexus 5 то Вам нужен именно этот раздел нашего сайта. Наш сервисный центр имеет большой опыт ремонта гаджетов от компании Google ведь именно эта компания выпускает устройства линейки Nexus а производством занимается компания LG Electronics.</p>\r\n<p>Стоит отметить что&nbsp;<strong>ремонт Nexus 5</strong>&nbsp;в нашем сервисном центре осуществляется только опытными мастерами, применяя при этом профессиональное оборудование и оригинальные запчасти. Все это гарантирует долговечную работу Вашего устройства после ремонта в «BMSTUСервис». Чаще всего нашим мастерам приходится сталкиваться с модульным ремонтом, то есть замена стекла, если оно было разбито, замена аккумулятора, если он уже не держит заряд. Так же мы оказываем и компонентный ремонт — это более сложный вид работ, и требует у мастера квалификации. Например, при выходе из строя, какого-либо элемента материнской платы, влечет за собой более сложный ремонт, который требует навыков и специального оборудования.&nbsp;</p>',0,'nexus-5.jpg','nexus-5',2,2,NULL),(10,'Nexus 4','<p>Требуется ремонт LG Nexus 4 быстро и качественно? Мы Вам поможем! В данном разделе нашего сайта Вы можете ознакомится с перечнем предоставляемых услуг. Наш сервисный центр имеет большой опыт ремонта гаджетов от компании Google ведь именно эта компания выпускает устройства линейки Nexus а производством занимается компания LG Electronics.</p><div class=\"collapsible collapse-xs collapsed\">\r\n<div class=\"collapse-container\">\r\n<p>Стоит отметить что&nbsp;<strong>ремонт Nexus 4</strong>&nbsp;в нашем сервисном центре осуществляется только опытными мастерами, применяя при этом профессиональное оборудование и оригинальные запчасти. Все это гарантирует долговечную работу Вашего устройства после ремонта в «BMSTUСервис». Чаще всего нашим мастерам приходится сталкиваться с модульным ремонтом, то есть замена стекла, если оно было разбито, замена аккумулятора, если он уже не держит заряд. Так же мы оказываем и компонентный ремонт — это более сложный вид работ, и требует у мастера квалификации. Например, при выходе из строя, какого-либо элемента материнской платы, влечет за собой более сложный ремонт, который требует навыков и специального оборудования. Ремонт LG Nexus 4 редко требуется в случае производственного брака, это говорит о том, что компания Google следит за качеством своих продуктов.&nbsp;На все работы мы предоставляем длительную гарантию.</p>',0,'nexus-4.jpg','nexus-4',2,2,NULL),(11,'Meizu MX5','<p><span>Наш cервис-центр&nbsp;</span><span>предлагает широкий спектр услуг по&nbsp;<strong>ремонту Meizu MX5</strong>. Решаем проблемы любой сложности, будь то замена внутренних компонентов либо более сложный ремонт, при этом используем только оригинальные комплектующие.</span></p>\r\n<p><span>Наши специалисты готовы привести в чувство ваш гаджет даже если его состояние практически безнадежно, достигается это благодаря многолетнему опыту наших мастеров, так и профессиональному оборудованию которое применяется при ремонтных работах.</span></p><div class=\"collapsible collapse-xs collapsed\">\r\n<div class=\"collapse-container\">\r\n<p><span>Стоит отметить что после проведения ремонта мы предоставляем гарантию как на выполнение работы, так и на комплектующие..</span></p>\r\n</div>\r\n<div class=\"collapse-buttons text-xs-center\">\r\n<a href=\"#\" class=\"collapse-open\"><i class=\"icon-caret-down\"></i><span>Подробнее</span></a>\r\n<a href=\"#\" class=\"collapse-close\"><i class=\"icon-caret-up\"></i><span>Скрыть</span></a>\r\n</div>\r\n</div>',0,'meizu-mx5.jpg','meizu-mx5',2,2,NULL),(12,'Meizu M2 Note','<p>Наш сервисный центр предлагает профессиональный&nbsp;<strong>ремонт</strong><strong>&nbsp;</strong><strong>Meizu&nbsp;M2 Note</strong>, с применением только качественных комплектующих. Благодаря опыту наших специалистов Вы можете не сомневаться, что услуга будет выполнена на качественном уровне, а длительная гарантия дает основание полагать что к ремонту отнесутся со всей ответственностью!</p><div class=\"collapsible collapse-xs collapsed\">\r\n<div class=\"collapse-container\">\r\n<p>Так же хотим отметить что самой распространенной услугой является замена разбитого экрана, так как этот компонент считается самыми хрупким и при падении или ударе выходит из строя именно эта деталь.&nbsp;Замена стекла на Meizu M2 Note в нашем сервисном центре производится в кратчайшие сроки с применением качественных комплектующих.</p>\r\n</div>\r\n<div class=\"collapse-buttons text-xs-center\">\r\n<a href=\"#\" class=\"collapse-open\"><i class=\"icon-caret-down\"></i><span>Подробнее</span></a>\r\n<a href=\"#\" class=\"collapse-close\"><i class=\"icon-caret-up\"></i><span>Скрыть</span></a>\r\n</div>\r\n</div>',0,'meizu-m2-note.png','meizu-m2-note',2,2,NULL),(14,'iPhone 6 Plus','<p>Специалисты нашего серисного центра осуществляют профессиональный&nbsp;ремонт iPhone 6 Plus с применением только качественных комплектующих. Обращаясь к нам, Вы можете не сомневаться, что услуга будет выполнена на самом высоком уровне и в максимально сжатые сроки.</p>\r\n<p>Причиной обращение в специализированный сервисный центр по ремонту смартфонов Apple может быть абсолютно любая поломка - от банально разбитого экрана до восстановления устройства после попадания воды. Ремонт iPhone 6 Plus может быть осуществлен качественно только в случае профессионального вмешательства. От уровня квалификации мастера будет зависеть качество обслуживания и продолжительность дальнейшей эксплуатации.</p><div class=\"collapsible collapse-xs collapsed\">\r\n<div class=\"collapse-container\">\r\n<p>Сервисный центр «BMSTUСервис» - это профессиональный ремонт iPhone 6 Plus в Москве. На все работы предоставляется фирменная гарантия и 10% скидка на последующие услуги.</p>\r\n</div>\r\n<div class=\"collapse-buttons text-xs-center\">\r\n<a href=\"#\" class=\"collapse-open\"><i class=\"icon-caret-down\"></i><span>Подробнее</span></a>\r\n<a href=\"#\" class=\"collapse-close\"><i class=\"icon-caret-up\"></i><span>Скрыть</span></a>\r\n</div>\r\n</div>',0,'iphone-6-plus.jpg','',NULL,NULL,NULL),(15,'iPhone 6','<p>Наш сервисный центр предлагает профессиональный&nbsp;<strong>ремонт iPhone 6</strong>, с применением только качественных комплектующих. Благодаря опыту наших специалистов Вы можете не сомневаться, что услуга будет выполнена на качественном уровне а длительная гарантия дает основание полагать что к ремонту отнесутся со всей ответственностью!</p><div class=\"collapsible collapse-xs collapsed\">\r\n<div class=\"collapse-container\">\r\n<p>Причиной обращение в специализированый сервисный центр может быть абсолютно любая поломка, от банально разбитого экрана до восстановление телефона после попадания воды. Ремонт iPhone 6 качественно может быть осуществлен только в случае профессионального вмешательства. От того насколько опытный мастер будет зависеть: качество работы устройства после ремонта, быстродействия самого процесса выполнения работ. Мастера нашего сервисного центра имею достаточно большой опыт для того чтобы Ваш телефон был отремонтирован в срок на качественном уровне.</p>\r\n<p class=\"justifyfull\">Если Вам требуется ремонт iPhone 6 в Москве обращайте в «BMSTUСервис», мы используем только качественные комплектующие и профессиональное оборудование у нас гибкая система скидок&nbsp;и кратчайшие сроки выполнения ремонта.&nbsp;</p>\r\n</div>\r\n<div class=\"collapse-buttons text-xs-center\">\r\n<a href=\"#\" class=\"collapse-open\"><i class=\"icon-caret-down\"></i><span>Подробнее</span></a>\r\n<a href=\"#\" class=\"collapse-close\"><i class=\"icon-caret-up\"></i><span>Скрыть</span></a>\r\n</div>\r\n</div>',0,'iphone-6.jpg',NULL,NULL,NULL,NULL),(16,'iPhone 5c','<p>Наш сервисный центр производит профессиональный&nbsp;<strong>ремонт iPhone 5C</strong>. Если смартфон не включается или Вы его по неосторожности уронили в воду или он упал у Вас и при этом разбился экран, не стоит отчаиваться, мы приведем Вашего любимца в порядок и после ремонта &nbsp;у нас он будет как новый! Так же хотим отметить что ремонт iPhone 5C в нашем сервисном центре производится только с применением оригинальных запчастей, что гарантирует надежную и длительную работоспособность аппарата после ремонта в&nbsp; «BMSTUСервис».</p><div class=\"collapsible collapse-xs collapsed\">\r\n<div class=\"collapse-container\">\r\n<p>Опыт, который был накоплен нашими специалистами за долгое время работы, позволяет оказать данную услугу на высоком уровне, при этом все работы проделываются квалифицированными мастерами с использованием профессионального оборудования. Как правило ремонт iPhone 5C &nbsp;в нашем сервисном центре по времени занимает 20-30 минут, это если требуется модульный ремонт (замена экрана, корпуса и т.п.) но если возникла необходимость более сложного ремонта то на это нам требуется максимум 5 дней. На все услуги предоставляется длительная гарантия в течение которой мы обязуемся устранить повторную поломку.</p>\r\n</div>\r\n<div class=\"collapse-buttons text-xs-center\">\r\n<a href=\"#\" class=\"collapse-open\"><i class=\"icon-caret-down\"></i><span>Подробнее</span></a>\r\n<a href=\"#\" class=\"collapse-close\"><i class=\"icon-caret-up\"></i><span>Скрыть</span></a>\r\n</div>\r\n</div>',0,'iphone-5c.png',NULL,NULL,NULL,NULL),(17,'iPhone 5s','<p>Если Вам требуется квалифицированный&nbsp;<strong>ремонт iPhone 5S</strong>&nbsp;то Вы попали именно туда куда нужно! Наш сервисный центр осуществляет профессиональный ремонт iPhone 5S с использованием только оригинальных комплектующих, а наши специалисты имеют богатый опыт ремонта техники Apple, и с большим энтузиазмом возьмутся за ремонт любой сложности. Так же стоит отметить что у нас ремонт iPhone 5S производится только с применением профессионального оборудования, что позволяет нам реанимировать сломанный аппарат в кротчайшие сроки без видимых следов ремонта!&nbsp;</p><div class=\"collapsible collapse-xs collapsed\">\r\n<div class=\"collapse-container\">\r\n<p>Стоит сказать, что iPhone 5S является одним из самых надежных смартфонов в мире, но к сожалению, никто не застрахован от непредвиденных обстоятельств. Например, залитый жидкостью айфон 5S может послужить сбоями в работе смартфона, так как вода как мы знаем является самым страшным врагом для электронных устройств. В таком случаем восстановление после влаги iPhone 5S необходимо произвести в специализированом сервисном центре. У нас данная услуга может занят 3-5, дней связанно это с тем что данный вид ремонта можно назвать одним из самых сложных. Так же ремонт iPhone 5S может потребоваться если смартфон был поврежден физически, например при падении у айфона может треснуть сенсорное стекло, в таком случае требуется его замена. Так же приходится сталкиваться с проблемой отсутствия реакции на включения аппарата, тут может быть дело в аккумуляторе, кнопке включения или в другой проблеме, причину которой мы выявим произведя бесплатную диагностику аппарат.</p>\r\n</div>\r\n<div class=\"collapse-buttons text-xs-center\">\r\n<a href=\"#\" class=\"collapse-open\"><i class=\"icon-caret-down\"></i><span>Подробнее</span></a>\r\n<a href=\"#\" class=\"collapse-close\"><i class=\"icon-caret-up\"></i><span>Скрыть</span></a>\r\n</div>\r\n</div>',0,'iphone-5s.png',NULL,NULL,NULL,NULL),(18,'iPhone 5','<p>Шестое поколение смартфонов от компании Apple получило достаточно большой список изменений. Начиная с того, что была изменена диагональ экрана с 3.5 до 4 дюймов, заканчивая новым более элегантным дизайном. Наш сервисный центр осуществляет ремонт iPhone 5 любой сложности. Самой хрупкой частью iPhone 5 является, как не сложно догадается стекло, которое теперь со встроенным тач сенсором. Данную услугу можно считать одной из самых популярных, так как стекло очень легко повредить при падении даже с небольшой высоты.</p><div class=\"collapsible collapse-xs collapsed\">\r\n<div class=\"collapse-container\">\r\n<p>Причиной обращение в специализированый сервисный центр может быть абсолютно любая поломка, от банально разбитого экрана до восстановление телефона после попадания воды. Ремонт iPhone 5 качественно может быть осуществлен только в случае профессионального вмешательства. От того насколько опытный мастер будет зависеть: качество работы устройства после ремонта, быстродействия самого процесса выполнения работ. Мастера нашего сервисного центра имею достаточно большой опыт для того чтобы Ваш телефон был отремонтирован в срок на качественном уровне.</p>\r\n</div>\r\n<div class=\"collapse-buttons text-xs-center\">\r\n<a href=\"#\" class=\"collapse-open\"><i class=\"icon-caret-down\"></i><span>Подробнее</span></a>\r\n<a href=\"#\" class=\"collapse-close\"><i class=\"icon-caret-up\"></i><span>Скрыть</span></a>\r\n</div>\r\n</div>',0,'iphone-5.jpg',NULL,NULL,NULL,NULL),(19,'iPhone 4/4S','<p><span>Если Вам требуется срочный ремонт iPhone 4 то мы готовы помочь! Благодаря опытным специалистам и качественным комплектующим данная услуга будет проделана на высоком уровне в кратчайшие сроки. Как правило, большую часть устройств мы ремонтируем в присутствии клиента, а сам ремонт может занять не более 30 минут. Квалификация мастеров нашего сервисного центра позволяет осуществить&nbsp;</span><strong>ремонт iPhone 4</strong><span>&nbsp;в самых тяжелых случаях, например, при попадании влаги вероятность восстановить залитый телефон в большинстве случаев крайне мала, мы же восстанавливаем 80% таких устройств.</span></p>',0,'iPhone-4.jpg',NULL,NULL,NULL,NULL),(20,'iPhone 3G/3GS','<p>Ремонт iPhone 3GS наш сервисный центр осуществляет с их первого появления на нашем рынке. Телефон быстро завоевал доверие потребителей и вошел в обиход многих пользователей. iPhone достаточно надежный и ломается в основном по причине человеческого фактора, уронил, утопил и так далее.</p>\r\n<p>Хотим выделить несколько самых популярных услуг, если требуется&nbsp;<strong>ремонт iPhone 3G</strong>. Замена корпуса и стекла (тачскрина) можно назвать одними из самых востребованных услуг, для замены данных деталей требуется полный разбор смартфона и это говорит о том, что данную операцию может осуществить только профессионал знающий толк в этом деле. Так же стоит отметить момент, связанный с аккумулятором. Часто пользователи сталкиваются с проблемой нехватки зарядка в аккумуляторе, телефон стал быстро разряжаться, либо вовсе не заряжается. В таком случае требуется замена аккумулятора. Данный вид ремонта так же сопровождается частичным разбором смартфона. В общем и целом, ремонт iPhone 3GS достаточно простая задача, но только если данный ремонт осуществляет специалист с опытом работ в данной сфере. В таблице ниже Вы можете ознакомиться с полным перечнем услуг. На все работы предоставляется гарантия. Все цены указаны с учетом запчастей.&nbsp; Для более подробной информации Вы можете связаться с нами по телефону или написать нам на электронный адрес.</p>',0,'iphone-3gs.jpg',NULL,NULL,NULL,NULL),(21,'iPad Air 2','<p>Наш сервисный центр осуществляет ремонт iPad Air 2 в Москве, на профессиональном уровне. Мы обеспечены всем нужным оборудованием для того чтобы услуга была предоставлена качественно и быстро. При ремонтных работах мы применяем только оригинальные комплектующие что выводит качество ремонта на новы уровень, а благодаря высококвалифицированным специалистам нашего сервисного центра&nbsp;<strong>ремонт iPad Air 2</strong>&nbsp;будет произведен качественно и в срок. &nbsp;</p><div class=\"collapsible collapse-xs collapsed\">\r\n<div class=\"collapse-container\">\r\n<p>Что делать если Ваш любимы планшет все-таки сломался?! Главное не отчаиваться! Мы оказываем услуги ремонта любой сложности в кратчайшие сроки, как правило сложный ремонт у нас занимает 3 дня при наличии всех нужных запчастей, а стоимость ремонта имеет приделы разумного и точно Вас не огорчит.&nbsp;Ремонт iPad Air 2&nbsp;как показывает практика требует опыта и справится с данной задачей под силу только квалифицированному мастеру.</p>\r\n</div>\r\n<div class=\"collapse-buttons text-xs-center\">\r\n<a href=\"#\" class=\"collapse-open\"><i class=\"icon-caret-down\"></i><span>Подробнее</span></a>\r\n<a href=\"#\" class=\"collapse-close\"><i class=\"icon-caret-up\"></i><span>Скрыть</span></a>\r\n</div>\r\n</div>',0,'ipad-air-2.jpg',NULL,NULL,NULL,NULL),(22,'iPad Air','<p>Наш сервисный центр осуществляет ремонт iPad Air в Москве, на профессиональном уровне. Мы обеспечены всем нужным оборудованием для того чтобы услуга была предоставлена качественно и быстро. При ремонтных работах мы применяем только оригинальные комплектующие что выводит качество ремонта на новы уровень, а благодаря высококвалифицированным специалистам нашего сервисного центра&nbsp;<strong>ремонт iPad Air</strong>&nbsp;будет произведен качественно и в срок.</p><div class=\"collapsible collapse-xs collapsed\">\r\n<div class=\"collapse-container\">\r\n<p>Что делать если Ваш любимы планшет все-таки сломался?! Главное не отчаиваться! Мы оказываем услуги ремонта любой сложности в кратчайшие сроки, как правило сложный ремонт у нас занимает 3 дня при наличии всех нужных запчастей, а стоимость ремонта имеет приделы разумного и точно Вас не огорчит.&nbsp;Ремонт iPad Air как показывает практика требует опыта и справится с данной задачей под силу только квалифицированному мастеру.</p>\r\n</div>\r\n<div class=\"collapse-buttons text-xs-center\">\r\n<a href=\"#\" class=\"collapse-open\"><i class=\"icon-caret-down\"></i><span>Подробнее</span></a>\r\n<a href=\"#\" class=\"collapse-close\"><i class=\"icon-caret-up\"></i><span>Скрыть</span></a>\r\n</div>\r\n</div>',0,'iPad-Air.jpg',NULL,NULL,NULL,NULL),(23,'iPad mini 3','<p><span>Наш сервисный центр осуществляет&nbsp;</span><strong>ремонт iPad mini 3&nbsp;</strong><span>на профессиональном уровне, это достигается благодаря опытному персоналу и профессиональному оборудованию. Имея требуемый опыт в данной сфере деятельности, Вы можете, не сомневаться за качество ремонта в «BMSTUСервис». Мы готовы взяться за работу любой сложности, будь то замена корпуса или ремонт после попадания влаги. Стоит отметить, что планшет имеет очень хрупкое сенсорное стекло, которое при падении с небольшой высоты может треснуть. Замена данной детали является одной из самых востребованных. </span></p><div class=\"collapsible collapse-xs collapsed\">\r\n<div class=\"collapse-container\">\r\n<p><span>Так же часто мы сталкиваемся с проблемой, при которой в планшет попадает влага, этот вид ремонта один из самых сложных и требует у мастера опыта. Буте аккуратны и держите Ваш планшет вдали от источников влаги. Так же не редкий случай это поврежденный дисплей, например, при ударе на экране изображение может быть искаженно, могут появится полосы, в таком случае ремонт iPad mini 3 просто необходим.</span></p>\r\n</div>\r\n<div class=\"collapse-buttons text-xs-center\">\r\n<a href=\"#\" class=\"collapse-open\"><i class=\"icon-caret-down\"></i><span>Подробнее</span></a>\r\n<a href=\"#\" class=\"collapse-close\"><i class=\"icon-caret-up\"></i><span>Скрыть</span></a>\r\n</div>\r\n</div>',0,'iPad-mini-3.jpg',NULL,NULL,NULL,NULL),(24,'iPad mini 2','<p><span>Наш сервисный центр осуществляет&nbsp;</span><strong>ремонт iPad mini&nbsp;2&nbsp;</strong><strong>Retina</strong><span>&nbsp;на профессиональном уровне, это достигается благодаря опытному персоналу и профессиональному оборудованию. Имея требуемый опыт в данной сфере деятельности, Вы можете, не сомневаться за качество ремонта в «BMSTUСервис». Мы готовы взяться за работу любой сложности, будь то замена корпуса или ремонт после попадания влаги. Стоит отметить, что планшет имеет очень хрупкое сенсорное стекло, которое при падении с небольшой высоты может треснуть. Замена данной детали является одной из самых востребованных. </span></p><div class=\"collapsible collapse-xs collapsed\">\r\n<div class=\"collapse-container\">\r\n<p><span>Так же часто мы сталкиваемся с проблемой, при которой в планшет попадает влага, этот вид ремонта один из самых сложных и требует у мастера опыта. Буте аккуратны и держите Ваш планшет вдали от источников влаги. Так же не редкий случай это поврежденный дисплей, например, при ударе на экране изображение может быть искаженно, могут появится полосы, в таком случае ремонт iPad mini 2 просто необходим.</span></p>\r\n</div>\r\n<div class=\"collapse-buttons text-xs-center\">\r\n<a href=\"#\" class=\"collapse-open\"><i class=\"icon-caret-down\"></i><span>Подробнее</span></a>\r\n<a href=\"#\" class=\"collapse-close\"><i class=\"icon-caret-up\"></i><span>Скрыть</span></a>\r\n</div>\r\n</div>',0,'ipad-mini-2.jpg',NULL,NULL,NULL,NULL),(25,'iPad mini','<p>Наш сервисный центр «BMSTUСервис» производит&nbsp;<strong>ремонт iPad mini</strong>&nbsp;на профессиональном уровне.&nbsp;Это достигается благодаря квалифицированным специалистам и профессиональному оборудованию, которое мы используем. Так же стоит упомянуть о комплектующих, которые мы устанавливаем, качество, которых проверено, временем, и зарекомендовало себя только с положительной стороны. Имея требуемый опыт в данной сфере деятельности, Вы можете, не сомневаться за качество ремонта в «BMSTUСервис». Мы готовы взяться за работу любой сложности, будь то замена корпуса или ремонт iPad mini после попадания влаги.</p><div class=\"collapsible collapse-xs collapsed\">\r\n<div class=\"collapse-container\">\r\n<p>Стоит отметить что имея столь малы размеры, от мастера требуется особенное внимание и опыт, если необходим ремонт iPad mini. И это не удивительно, не смотря на свои компактные размеры, и на то, что компания Apple всячески ухищряется, чтобы их устройства нельзя было разобрать. Но для умелых и опытных специалистов это не помеха, хотя это немного усложняет задачу.</p>\r\n</div>\r\n<div class=\"collapse-buttons text-xs-center\">\r\n<a href=\"#\" class=\"collapse-open\"><i class=\"icon-caret-down\"></i><span>Подробнее</span></a>\r\n<a href=\"#\" class=\"collapse-close\"><i class=\"icon-caret-up\"></i><span>Скрыть</span></a>\r\n</div>\r\n</div>',0,'ipad-mini.jpg',NULL,NULL,NULL,NULL),(26,'iPad 4','<p>Наш сервисный центр осуществляет ремонт iPad 4 в Москве, на профессиональном уровне. Мы обеспечены всем нужным оборудованием для того чтобы услуга была предоставлена качественно и быстро. При ремонтных работах мы применяем только оригинальные комплектующие что выводит качество ремонта на новы уровень, а благодаря высококвалифицированным специалистам нашего сервисного центра&nbsp;<strong>ремонт iPad 4</strong>&nbsp;будет произведен качественно и в срок.&nbsp;</p><div class=\"collapsible collapse-xs collapsed\">\r\n<div class=\"collapse-container\">\r\n<p>Что делать если Ваш любимы планшет все-таки сломался?! Главное не отчаиваться! Мы оказываем услуги ремонта любой сложности в кратчайшие сроки, как правило сложный ремонт у нас занимает 3 дня при наличии всех нужных запчастей, а стоимость ремонта имеет приделы разумного и точно Вас не огорчит.&nbsp;Ремонт iPad 4 как показывает практика требует опыта и справится с данной задачей под силу только квалифицированному мастеру.</p>\r\n</div>\r\n<div class=\"collapse-buttons text-xs-center\">\r\n<a href=\"#\" class=\"collapse-open\"><i class=\"icon-caret-down\"></i><span>Подробнее</span></a>\r\n<a href=\"#\" class=\"collapse-close\"><i class=\"icon-caret-up\"></i><span>Скрыть</span></a>\r\n</div>\r\n</div>',0,'iPad-4.png',NULL,NULL,NULL,NULL),(27,'iPad 3','<p>Наш сервисный центр рад предложить услугу <strong>ремонт iPad 3</strong> в Москве.&nbsp; Конструктивно new iPad ничем не отличается от iPad 3. Единственное отличие айпад 3 это новый дисплей с высоким разрешением в 2048×1536, сделанный по технологии Retina. Планшет третьего поколения так же надежен, как и предыдущие его собратья, и основной причиной выхода из строя остается тот же человеческий фактор. Самой частой проблемой, с которой к нам обращаются пользователи айпад 3 это треснувшее стекло или поврежденный корпус, в таких случаях ремонт iPad 3 необходимо доверить профессионалам.&nbsp;</p><div class=\"collapsible collapse-xs collapsed\">\r\n<div class=\"collapse-container\">\r\n<p>Мы оказываем ряд услугу ремонта, которые требует определенных навыков, и качественно произвести ее могут только специалисты сервиса. Осуществляя&nbsp;<strong>ремонт iPad 3</strong>, используем запчасти только высокого качества, которые гарантирует длительную и надежную работу планшета после его ремонта. Стоит так же отметить, когда необходим ремонт iPad 3, нужно понимать что в домашних условиях не имея определенного опыта, сделать это будет практически не возможно. Часто мы сталкиваемся с устройствами, которые уже подвергались ремонту, качества которого можно определить не вооруженным взглядом. Следы ремонта видны на корпусных деталях, а иногда и на самой стеклянной поверхности экрана.</p>\r\n</div>\r\n<div class=\"collapse-buttons text-xs-center\">\r\n<a href=\"#\" class=\"collapse-open\"><i class=\"icon-caret-down\"></i><span>Подробнее</span></a>\r\n<a href=\"#\" class=\"collapse-close\"><i class=\"icon-caret-up\"></i><span>Скрыть</span></a>\r\n</div>\r\n</div>',0,'ipad-3.jpg',NULL,NULL,NULL,NULL),(28,'iPad 2','<p>Наш сервисный центр оказывает услуги по ремонту iPad 2 в Москве. Планшеты айпад поддаются ремонту достаточно неохотно, так как у них нет стандартных болтов крепления, и что бы его разобрать приходится прибегать к профессиональным методам.</p>\r\n<p>В нашем сервисном центре&nbsp;<strong>ремонт iPad 2</strong>&nbsp;производится опытными мастерами, благодаря чему услуга будет оказана на высоком уровне качества! Мы готовы взяться за ремонт айпад любой сложности, будь то замена сенсорного стекла, замена корпуса или аккумулятора. С полным перечнем услуг Вы можете ознакомиться в таблице ниже. Цены, указанные с учетом запчастей. Все комплектующие которые мы применяем, имеют высокое качество, что гарантирует стабильную и длительную работоспособность планшета.&nbsp;</p>',0,'ipad-2.jpg',NULL,NULL,NULL,NULL),(29,'MacBook Air',' <p>Благодаря своему дизайну MacBook Air сделан таким образом что доступ к его компонентам затруднен, и &nbsp;для того чтобы осуществить&nbsp;ремонт MacBook Air&nbsp;приходится прибегать к помощи профессионалов. Наш сервисный центр располагает только опытными мастерами, которые имеют стаж ремонта ноутбуков Apple от 3 лет и более. В виду своих размеров у ноутбуков серии Air некоторые компоненты (оперативная память, жесткий диск) размещены на материнской плате, а экран приходится менять полностью в сборе с верхней крышкой и рамкой, из чего вытекает дорогостоящий ремонт данной категории ноутбуков. Но учитывая стоимость самого ноутбука ремонт MacBook Air, как правило, обходится, нет так дорого, как может оказаться на первый взгляд.</p><div class=\"collapsible collapse-xs collapsed\">\r\n<div class=\"collapse-container\">\r\n<p><strong>Ремонт MacBook Air</strong>&nbsp;в нашем сервисном центре производится, только опытными специалистами. Стоит так же отметить, что мы используем оригинальные запчасти, благодаря чему ноутбук прослужи Вам еще очень долго. &nbsp;Мы не рекомендуем самостоятельно проводить ремонт, это может привезти к повреждению дорогих компонентов. Ниже в таблице Вы можете ознакомиться с видами услуг и их стоимостью. Все цены указаны с учетом запчастей. После ремонта Вам выдается гарантийный талон с перечнем оказанных услуг и замененных деталей. Гарантия на все услуги составляет 6 месяцев.</p>\r\n</div>\r\n<div class=\"collapse-buttons text-xs-center\">\r\n<a href=\"#\" class=\"collapse-open\"><i class=\"icon-caret-down\"></i><span>Подробнее</span></a>\r\n<a href=\"#\" class=\"collapse-close\"><i class=\"icon-caret-up\"></i><span>Скрыть</span></a>\r\n</div>\r\n</div>',0,'macbook-air.jpg',NULL,NULL,NULL,NULL),(30,'MacBook Pro','<p>Наш сервисный центр осуществляет&nbsp;ремонт MacBook Pro&nbsp;в так называемом Unibody корпусе, выпускаемые с 2009 года. Ноутбуки данной серии получили огромную популярность не только в мире, но в России, особенно облюбовали модель с диагональю экрана 13 дюймов. Конструктивно MacBook Pro Unibody изготовлен таким образом, что получить доступ к его внутренним деталям возможно только при помощи профессиональных навыков и оборудования. Данный вид услуги мы крайне рекомендуем доверить только опытным мастерам, у которых есть опыт работ с техникой Apple.</p><div class=\"collapsible collapse-xs collapsed\">\r\n<div class=\"collapse-container\">\r\n<p>Наш сервисный центр осуществляет&nbsp;<strong>ремонт</strong><strong>&nbsp;</strong><strong>MacBook Pro</strong>&nbsp;любой сложности на профессиональном уровне. Стоит отметить,&nbsp;<span data-mce-mark=\"1\">что мы используем только оригинальные комплектующие.</span>&nbsp;Ремонт MacBook Pro отличается от ремонта ноутбуков других производителей и нам приходится сталкиваться с разного рода проблемами, например корпус у «маков» изготовлен из алюминия, что часто при падении приводит к его деформации, в таких случаях приходится производить ремонт или замену корпусных деталей. Так же к нам в сервис обращаются с просьбой заменить треснувшее стекло. Дело в том, что основной экран (матрица) закрывает защитное стекло, благодаря которому при ударе трескается именно стекло, в редких случаях повреждается матрица. Но если был задет экран, то, к сожалению, необходимо заменить и этот элемент. Так же частой просьбой является восстановление ноутбука после попадания влаги, данный вид ремонта можно назвать одним из самых сложных, как правило, 9 из 10 ноутбуков мы восстанавливаем, что является очень хорошим показателем.</p>\r\n</div>\r\n<div class=\"collapse-buttons text-xs-center\">\r\n<a href=\"#\" class=\"collapse-open\"><i class=\"icon-caret-down\"></i><span>Подробнее</span></a>\r\n<a href=\"#\" class=\"collapse-close\"><i class=\"icon-caret-up\"></i><span>Скрыть</span></a>\r\n</div>\r\n</div>',0,'MacBook-Pro.jpg',NULL,NULL,NULL,NULL),(31,'MacBook Pro Retina 15\"','<p>Компания Apple всегда выделялась среди конкурентов, их продукты превосходили по качеству и функционалу все существующие на рынке устройства. В случае с MacBook Pro Retina с диагональю дисплея 15 дюймов ситуация не поменялась, более того благодаря сверх четкому экрану и длительному времени работы данные ноутбуки ушли далеко в отрыв от своих конкурентов. Не смотря на это и такая по сути совершенная техника может выйти из строя.</p><div class=\"collapsible collapse-xs collapsed\">\r\n<div class=\"collapse-container\">\r\n<p>Ремонт MacBook Pro Retina 15\" задача с который сможет справится только профессионал, с навыком работы. Наши специалисты произведут ремонт любой сложности. Так же стоит отметить что мы используем только оригинальные комплектующие.</p>\r\n<p>Если ноутбук вышел из строя и не понятна причина поломки, можете быть уверены, что наши специалисты выявят причину и устранят ее в кратчайшие сроки.&nbsp;</p>\r\n</div>\r\n<div class=\"collapse-buttons text-xs-center\">\r\n<a href=\"#\" class=\"collapse-open\"><i class=\"icon-caret-down\"></i><span>Подробнее</span></a>\r\n<a href=\"#\" class=\"collapse-close\"><i class=\"icon-caret-up\"></i><span>Скрыть</span></a>\r\n</div>\r\n</div>',0,'MacBook-Pro-Retina-15.jpg',NULL,NULL,NULL,NULL),(32,'MacBook Pro Retina 13\"','<p>Отличительной особенностью ноутбуков компании Apple с приставкой Retina является невероятно четкий экран. Наш сервисный центр производит ремонт MacBook Retina и делает это на высоком уровне качества. Ноутбуки данного модельного ряда немного изменились в дизайне, они стали тоньше и легче. Мы всегда располагаем достаточным количеством запчастей для ноутбуков MacBook Retina Pro. Будь то экран или клавиатура, мы готовы произвести замену той или иной вышедшей из строя детали в кротчайшие сроки.&nbsp;</p><div class=\"collapsible collapse-xs collapsed\">\r\n<div class=\"collapse-container\">\r\n<p>Как, оказалось, часто приходится, сталкивается с проблемой вызванной человеческим фактором, например замену дисплея на MacBook Retina&nbsp;Pro&nbsp;можно назвать одной из самых востребованных, это вызвано тем, что при падении у ноутбука выходит из строя именно эта деталь. Также мы оказываем услуги по замене клавиатуры MacBook Pro Retina, в данном случае меняется вся верхняя часть ноутбука, так называемый топкейс. При ремонтных работах ноутбуков MacBook Retina&nbsp;Pro&nbsp;мы используем только оригинальные запчасти, что говорит о высоком качестве проделанных работ и о долговечности Вашей техники после ремонта в нашем сервисном центре.</p>\r\n</div>\r\n<div class=\"collapse-buttons text-xs-center\">\r\n<a href=\"#\" class=\"collapse-open\"><i class=\"icon-caret-down\"></i><span>Подробнее</span></a>\r\n<a href=\"#\" class=\"collapse-close\"><i class=\"icon-caret-up\"></i><span>Скрыть</span></a>\r\n</div>\r\n</div>',0,'macbook-pro-retina.jpg',NULL,NULL,NULL,NULL),(33,'MacBook Retina 12\"','<p>Если речь заходит о ноутбуках MacBook, то приходят такие ассоциации как качество и надежность. Правда ли это? В большей степени это так, но к сожалению, и столь надежная техника дает сбой. Как парило ремонт MacBook Retina 12 требуется в следствии человеческого фактора, например, если ноутбук упадет, то велика вероятность повредить такие компоненты как дисплей или корпус.</p><div class=\"collapsible collapse-xs collapsed\">\r\n<div class=\"collapse-container\">\r\n<p>Специалисты нашего сервисного центра регулярно оказывают те или иные услуги по ремонту ноутбуков от компании Apple. Мы оказываем широкий спектр работ, от замены таких компонентов как, клавиатура или матрица, до более сложного ремонта материнской платы.</p>\r\n<p>Если необходим профессиональный и ответсвенный ремонт MacBook Retina 12 может положится на нас!&nbsp;</p>\r\n</div>\r\n<div class=\"collapse-buttons text-xs-center\">\r\n<a href=\"#\" class=\"collapse-open\"><i class=\"icon-caret-down\"></i><span>Подробнее</span></a>\r\n<a href=\"#\" class=\"collapse-close\"><i class=\"icon-caret-up\"></i><span>Скрыть</span></a>\r\n</div>\r\n</div>',0,'MacBook-Retina-12.jpg',NULL,NULL,NULL,NULL),(34,'iMac','<p><strong style=\"line-height: 1.5em;\">Ремонт iMac</strong>&nbsp;в «BMSTUСервис» производится с помощью профессионального оборудование, что гарантирует отсутствие, каких-либо следов ремонта.&nbsp; Например, наши мастера используют отвертки от немецкого производителя Wiha. Так же не стоит забывать о качестве устанавливаемых запчастей, ведь от этого будет зависеть насколько долго и качественно, прослужит Вам отремонтированный компьютер. «BMSTUСервис» использует оригинальные запчасти, что гарантирует стабильную &nbsp;работу компьютера после ремонта в нашем сервис, а длительная гарантия позволит не беспокоится и наслаждаться работой на этом прекрасном компьютере!</p><div class=\"collapsible collapse-xs collapsed\">\r\n<div class=\"collapse-container\">\r\n<p>Если требуется ремонт iMac то смело обращайтесь в «BMSTUСервис, мы произведем бесплатную диагностику после чего будет озвучена итоговая стоимость ремонта. Ниже представлен прайс-лист с ценами на наши слуги. Все цены указаны с учетом запчастей. После ремонта Вам выдается гарантийный талон с перечнем оказанных услуг и замененных деталей.</p>\r\n</div>\r\n<div class=\"collapse-buttons text-xs-center\">\r\n<a href=\"#\" class=\"collapse-open\"><i class=\"icon-caret-down\"></i><span>Подробнее</span></a>\r\n<a href=\"#\" class=\"collapse-close\"><i class=\"icon-caret-up\"></i><span>Скрыть</span></a>\r\n</div>\r\n</div>',0,'imac.jpg',NULL,NULL,NULL,NULL),(35,'Apple Watch','<p><span>Умные часы от компании Apple имеют стильный дизайн и отличный функционал, за что они многим палубились. Apple Watch имеют превосходное качество, но, несмотря на это и данный гадже может потребовать вмешательство специалиста. &nbsp;</span></p>\r\n<p><span>Наш сервисный центр предлагает профессиональный&nbsp;<strong>ремонт</strong><span class=\"apple-converted-space\"><strong>&nbsp;</strong></span><strong>AppleWatch</strong>, с применением только качественных комплектующих. Благодаря опыту наших специалистов Вы можете не сомневаться, что услуга будет выполнена на качественном уровне, а длительная гарантия дает основание полагать, что к ремонту отнесутся со всей ответственностью!</span></p>',0,'',NULL,NULL,NULL,NULL),(37,'Meizu MX4 Pro','<p>Наш сервисный центр предлагает профессиональный&nbsp;<strong>ремонт</strong><strong>&nbsp;</strong><strong>Meizu&nbsp;MX4 Pro</strong>, с применением только качественных комплектующих. Благодаря опыту наших специалистов Вы можете не сомневаться, что услуга будет выполнена на качественном уровне, а длительная гарантия дает основание полагать что к ремонту отнесутся со всей ответственностью!</p><div class=\"collapsible collapse-xs collapsed\">\r\n<div class=\"collapse-container\">\r\n<p>Так же хотим отметить что самой распространенной услугой является замена разбитого экрана, так как этот компонент считается самыми хрупким и при падении или ударе выходит из строя именно эта деталь. Замена стекла на Meizu MX4 Pro в нашем сервисном центре производится в кратчайшие сроки с применением качественных комплектующих.</p>\r\n</div>\r\n<div class=\"collapse-buttons text-xs-center\">\r\n<a href=\"#\" class=\"collapse-open\"><i class=\"icon-caret-down\"></i><span>Подробнее</span></a>\r\n<a href=\"#\" class=\"collapse-close\"><i class=\"icon-caret-up\"></i><span>Скрыть</span></a>\r\n</div>\r\n</div>',0,'meizu-mx4-pro.jpg',NULL,NULL,NULL,NULL),(38,'Meizu MX4','<p>Наш сервисный центр предлагает профессиональный&nbsp;<strong>ремонт&nbsp;</strong><strong>Meizu&nbsp;</strong><strong>MX</strong><strong>4</strong>, с применением только качественных комплектующих. Благодаря опыту наших специалистов Вы можете не сомневаться, что услуга будет выполнена на качественном уровне, а длительная гарантия дает основание полагать что к ремонту отнесутся со всей ответственностью!</p><div class=\"collapsible collapse-xs collapsed\">\r\n<div class=\"collapse-container\">\r\n<p>Так же хотим отметить что самой распространенной услугой является замена разбитого экрана, так как этот компонент считается самыми хрупким и при падении или ударе выходит из строя именно эта деталь. Замена стекла на Meizu MX4 в нашем сервисном центре производится в кратчайшие сроки с применением качественных комплектующих.</p>\r\n<p>Стоит отметить что наш сервисный центр оказывает услуги ремонта любой сложности качественно и быстро.&nbsp;Устанавливаем оригинальные запчасти и предоставляем длительную гарантию. Все это дает полагать, что к ремонту подойдут с максимальной ответственностью. В таблице ниже можно ознакомиться с перечнем услуг, которые мы предлагаем. Все цены указаны с учетом запчастей. Если у Вас возникнут те или иные вопросы Вы всегда можете задать их нашим специалистам.&nbsp;</p>\r\n</div>\r\n<div class=\"collapse-buttons text-xs-center\">\r\n<a href=\"#\" class=\"collapse-open\"><i class=\"icon-caret-down\"></i><span>Подробнее</span></a>\r\n<a href=\"#\" class=\"collapse-close\"><i class=\"icon-caret-up\"></i><span>Скрыть</span></a>\r\n</div>\r\n</div>',0,'meizu-mx4.jpg',NULL,NULL,NULL,NULL),(39,'Meizu M1 Note','<p>Наш сервисный центр предлагает профессиональный&nbsp;<strong>ремонт</strong><strong>&nbsp;</strong><strong>Meizu&nbsp;M1 Note</strong>, с применением только качественных комплектующих. Благодаря опыту наших специалистов Вы можете не сомневаться, что услуга будет выполнена на качественном уровне, а длительная гарантия дает основание полагать что к ремонту отнесутся со всей ответственностью!</p><div class=\"collapsible collapse-xs collapsed\">\r\n<div class=\"collapse-container\">\r\n<p>Так же хотим отметить что самой распространенной услугой является замена разбитого экрана, так как этот компонент считается самыми хрупким и при падении или ударе выходит из строя именно эта деталь. Замена стекла на Meizu M1 Note в нашем сервисном центре производится в кратчайшие сроки с применением качественных комплектующих.</p>\r\n</div>\r\n<div class=\"collapse-buttons text-xs-center\">\r\n<a href=\"#\" class=\"collapse-open\"><i class=\"icon-caret-down\"></i><span>Подробнее</span></a>\r\n<a href=\"#\" class=\"collapse-close\"><i class=\"icon-caret-up\"></i><span>Скрыть</span></a>\r\n</div>\r\n</div>',0,'meizu-m1-note.jpg',NULL,NULL,NULL,NULL),(40,'Meizu MX3','<p>Наш сервисный центр предлагает профессиональный&nbsp;<strong>ремонт&nbsp;</strong><strong>Meizu&nbsp;</strong><strong>MX3</strong>, с применением только качественных комплектующих. Благодаря опыту наших специалистов Вы можете не сомневаться, что услуга будет выполнена на качественном уровне, а длительная гарантия дает основание полагать что к ремонту отнесутся со всей ответственностью!</p><div class=\"collapsible collapse-xs collapsed\">\r\n<div class=\"collapse-container\">\r\n<p>Так же хотим отметить что самой распространенной услугой является замена разбитого экрана, так как этот компонент считается самыми хрупким и при падении или ударе выходит из строя именно эта деталь. Замена стекла на Meizu MX3 в нашем сервисном центре производится в кратчайшие сроки с применением качественных комплектующих.</p>\r\n<p>Стоит отметить что наш сервисный центр оказывает услуги ремонта любой сложности качественно и быстро.&nbsp;Устанавливаем оригинальные запчасти и предоставляем длительную гарантию. Все это дает полагать, что к ремонту подойдут с максимальной ответственностью. В таблице ниже можно ознакомиться с перечнем услуг, которые мы предлагаем. Все цены указаны с учетом запчастей. Если у Вас возникнут те или иные вопросы Вы всегда можете задать их нашим специалистам.&nbsp;</p>\r\n</div>\r\n<div class=\"collapse-buttons text-xs-center\">\r\n<a href=\"#\" class=\"collapse-open\"><i class=\"icon-caret-down\"></i><span>Подробнее</span></a>\r\n<a href=\"#\" class=\"collapse-close\"><i class=\"icon-caret-up\"></i><span>Скрыть</span></a>\r\n</div>\r\n</div>',0,'meizu-mx3.png',NULL,NULL,NULL,NULL),(41,'Meizu MX2','<p>Наш сервисный центр предлагает профессиональный&nbsp;<strong>ремонт&nbsp;</strong><strong>Meizu&nbsp;</strong><strong>MX2</strong>, с применением только качественных комплектующих. Благодаря опыту наших специалистов Вы можете не сомневаться, что услуга будет выполнена на качественном уровне, а длительная гарантия дает основание полагать что к ремонту отнесутся со всей ответственностью!</p><div class=\"collapsible collapse-xs collapsed\">\r\n<div class=\"collapse-container\">\r\n<p>Так же хотим отметить что самой распространенной услугой является замена разбитого экрана, так как этот компонент считается самыми хрупким и при падении или ударе выходит из строя именно эта деталь. Замена стекла на Meizu MX2 в нашем сервисном центре производится в кратчайшие сроки с применением качественных комплектующих.</p>\r\n<p>Стоит отметить что наш сервисный центр оказывает услуги ремонта любой сложности качественно и быстро.&nbsp;Устанавливаем оригинальные запчасти и предоставляем длительную гарантию. Все это дает полагать, что к ремонту подойдут с максимальной ответственностью. В таблице ниже можно ознакомиться с перечнем услуг, которые мы предлагаем. Все цены указаны с учетом запчастей. Если у Вас возникнут те или иные вопросы Вы всегда можете задать их нашим специалистам.&nbsp;</p>\r\n</div>\r\n<div class=\"collapse-buttons text-xs-center\">\r\n<a href=\"#\" class=\"collapse-open\"><i class=\"icon-caret-down\"></i><span>Подробнее</span></a>\r\n<a href=\"#\" class=\"collapse-close\"><i class=\"icon-caret-up\"></i><span>Скрыть</span></a>\r\n</div>\r\n</div>',0,'meizu-mx2.jpg',NULL,NULL,NULL,NULL),(42,'Asus','<p>Ремонт ноутбуков Asus наш сервисный центр осуществляет на профессиональном уровне, достигается это благодаря опыту нашего персонала и высококачественному оборудованию. Хотим отметить, что при ремонтных работах мы используем только качественные комплектующие.</p>\r\n<p><span>Замена матрицы ноутбука&nbsp;</span><span>Acer</span>&nbsp; процедура, которая сопровождается с частичным разбором ноутбука. Данный вид услуги у нас занимает не более 30 минут.</p><div class=\"collapsible collapse-xs collapsed\">\r\n<div class=\"collapse-container\">\r\n<p><span>Замена клавиатуры ноутбука Acer</span>&nbsp;в нашем сервисном центре осуществляется в кратчайшие сроки и как правило занимает не более 30 минут.&nbsp;</p>\r\n</div>\r\n<div class=\"collapse-buttons text-xs-center\">\r\n<a href=\"#\" class=\"collapse-open\"><i class=\"icon-caret-down\"></i><span>Подробнее</span></a>\r\n<a href=\"#\" class=\"collapse-close\"><i class=\"icon-caret-up\"></i><span>Скрыть</span></a>\r\n</div>\r\n</div>',0,'Asus.jpg',NULL,NULL,NULL,NULL),(43,'Acer','<p>Ремонт ноутбуков Acer наш сервисный центр осуществляет на профессиональном уровне, достигается это благодаря опыту нашего персонала и высококачественному оборудованию. Хотим отметить, что при ремонтных работах мы используем только качественные комплектующие.</p>\r\n<p>Замена матрицы ноутбука Acer&nbsp; процедура, которая сопровождается с частичным разбором ноутбука. Данный вид услуги у нас занимает не более 30 минут.</p><div class=\"collapsible collapse-xs collapsed\">\r\n<div class=\"collapse-container\">\r\n<p>Замена клавиатуры ноутбука Acer&nbsp;в нашем сервисном центре осуществляется в кратчайшие сроки и как правило занимает не более 30 минут.&nbsp;</p>\r\n<p>&nbsp;</p>\r\n</div>\r\n<div class=\"collapse-buttons text-xs-center\">\r\n<a href=\"#\" class=\"collapse-open\"><i class=\"icon-caret-down\"></i><span>Подробнее</span></a>\r\n<a href=\"#\" class=\"collapse-close\"><i class=\"icon-caret-up\"></i><span>Скрыть</span></a>\r\n</div>\r\n</div>',0,'acer.jpg',NULL,NULL,NULL,NULL),(44,'HP','<p>Ремонт ноутбуков HP наш сервисный центр осуществляет на профессиональном уровне, достигается это благодаря опыту нашего персонала и высококачественному оборудованию. Хотим отметить, что при ремонтных работах мы используем только качественные комплектующие.</p>\r\n<p>Замена матрицы ноутбука HP процедура, которая сопровождается с частичным разбором ноутбука. Данный вид услуги у нас занимает не более 30 минут.</p><div class=\"collapsible collapse-xs collapsed\">\r\n<div class=\"collapse-container\">\r\n<p>Замена клавиатуры ноутбука HP в нашем сервисном центре осуществляется в кратчайшие сроки и как правило занимает не более 30 минут.&nbsp;</p>\r\n<p>&nbsp;</p>\r\n</div>\r\n<div class=\"collapse-buttons text-xs-center\">\r\n<a href=\"#\" class=\"collapse-open\"><i class=\"icon-caret-down\"></i><span>Подробнее</span></a>\r\n<a href=\"#\" class=\"collapse-close\"><i class=\"icon-caret-up\"></i><span>Скрыть</span></a>\r\n</div>\r\n</div>',0,'hp.jpg','',NULL,NULL,NULL),(45,'Dell','<p><span>Компания Dell зарекомендовала себя на рынки как производитель высококачественной компьютерной техники. Так и есть, компьютеры от этого мирового гиганта имеют превосходную надежность. Но, к сожалению, как и вся техника, даже такая надежная, иногда выходит из строя.&nbsp;</span><strong>Ремонт ноутбуков Dell</strong> наш сервисный центр осуществляет на профессиональном уровне, достигается это благодаря опыту нашего персонала и высококачественному оборудованию. Хотим отметить, что при ремонтных работах мы используем только качественные комплектующие.</p><div class=\"collapsible collapse-xs collapsed\">\r\n<div class=\"collapse-container\">\r\n<p>Замена матрицы ноутбука Dell процедура, которая сопровождается с частичным разбором ноутбука. Данный вид услуги у нас занимает не более 30 минут.</p>\r\n<p>Замена клавиатуры ноутбука Dell в нашем сервисном центре осуществляется в кратчайшие сроки и как правило занимает не более 30 минут.&nbsp;</p>\r\n<p>&nbsp;</p>\r\n</div>\r\n<div class=\"collapse-buttons text-xs-center\">\r\n<a href=\"#\" class=\"collapse-open\"><i class=\"icon-caret-down\"></i><span>Подробнее</span></a>\r\n<a href=\"#\" class=\"collapse-close\"><i class=\"icon-caret-up\"></i><span>Скрыть</span></a>\r\n</div>\r\n</div>',0,'dell.jpg',NULL,NULL,NULL,NULL),(46,'Samsung','<p><span><span>Южнокорейская компания Samsung зарекомендовала себя как надежный производитель компьютерной техники. Ноутбуки от данного производителя считаются одними из самых надежных, но иногда приходится, сталкивается с проблемами связанными с выходом из строя тех или иных компонентов ноутбука.</span>&nbsp;</span><strong>Ремонт ноутбуков Samsung</strong>&nbsp;наш сервисный центр осуществляет на профессиональном уровне, достигается это благодаря опыту нашего персонала и высококачественному оборудованию. Хотим отметить, что при ремонтных работах мы используем только качественные комплектующие.</p><div class=\"collapsible collapse-xs collapsed\">\r\n<div class=\"collapse-container\">\r\n<p>Замена матрицы ноутбука Samsung процедура, которая сопровождается с частичным разбором ноутбука. Данный вид услуги у нас занимает не более 30 минут.</p>\r\n<p>Замена клавиатуры ноутбука Samsung в нашем сервисном центре осуществляется в кратчайшие сроки и как правило занимает не более 30 минут.&nbsp;</p>\r\n<p>&nbsp;</p>\r\n</div>\r\n<div class=\"collapse-buttons text-xs-center\">\r\n<a href=\"#\" class=\"collapse-open\"><i class=\"icon-caret-down\"></i><span>Подробнее</span></a>\r\n<a href=\"#\" class=\"collapse-close\"><i class=\"icon-caret-up\"></i><span>Скрыть</span></a>\r\n</div>\r\n</div>',0,'samsung.jpg',NULL,NULL,NULL,NULL),(47,'Lenovo','<p><span><span>Компания Lenovo в 2004 году выкупила подразделения по производству персональных компьютеров американской компании IBM. О качестве компьютеров IBM не знает лишь тот, кто не имел опыта работы сданной техникой. Из чего следует, что ноутбуки Lenovo имеют превосходное качество и поломки возникают в основном по вине пользователя.</span>&nbsp;</span><strong>Ремонт ноутбуков Lenovo</strong>&nbsp;наш сервисный центр осуществляет на профессиональном уровне, достигается это благодаря опыту нашего персонала и высококачественному оборудованию. Хотим отметить, что при ремонтных работах мы используем только качественные комплектующие.</p><div class=\"collapsible collapse-xs collapsed\">\r\n<div class=\"collapse-container\">\r\n<p>Замена матрицы ноутбука Lenovo процедура, которая сопровождается с частичным разбором ноутбука. Данный вид услуги у нас занимает не более 30 минут.</p>\r\n<p>Замена клавиатуры ноутбука Lenovo в нашем сервисном центре осуществляется в кратчайшие сроки и как правило занимает не более 30 минут.&nbsp;</p>\r\n<p>&nbsp;</p>\r\n</div>\r\n<div class=\"collapse-buttons text-xs-center\">\r\n<a href=\"#\" class=\"collapse-open\"><i class=\"icon-caret-down\"></i><span>Подробнее</span></a>\r\n<a href=\"#\" class=\"collapse-close\"><i class=\"icon-caret-up\"></i><span>Скрыть</span></a>\r\n</div>\r\n</div>',0,'lenovo.jpg',NULL,NULL,NULL,NULL),(48,'Sony','<p><span><span>Ноутбуки от компании Sony в свое время считались эталоном компактных компьютеров. Да и сейчас они задают темп многим производителям.&nbsp;</span>&nbsp;</span><strong>Ремонт ноутбуков Sony</strong>&nbsp;наш сервисный центр осуществляет на профессиональном уровне, достигается это благодаря опыту нашего персонала и высококачественному оборудованию. Хотим отметить, что при ремонтных работах мы используем только качественные комплектующие.</p><div class=\"collapsible collapse-xs collapsed\">\r\n<div class=\"collapse-container\">\r\n<p>Замена матрицы ноутбука Sony процедура, которая сопровождается с частичным разбором ноутбука. Данный вид услуги у нас занимает не более 30 минут.</p>\r\n<p>Замена клавиатуры ноутбука Sony в нашем сервисном центре осуществляется в кратчайшие сроки и как правило занимает не более 30 минут.&nbsp;</p>\r\n<p>&nbsp;</p>\r\n</div>\r\n<div class=\"collapse-buttons text-xs-center\">\r\n<a href=\"#\" class=\"collapse-open\"><i class=\"icon-caret-down\"></i><span>Подробнее</span></a>\r\n<a href=\"#\" class=\"collapse-close\"><i class=\"icon-caret-up\"></i><span>Скрыть</span></a>\r\n</div>\r\n</div>',0,'sony.jpg',NULL,NULL,NULL,NULL),(49,'Toshiba',' <p><span><span>Довольно-таки часто нам приходится сталкиваться с ремонтом ноутбуков, которые вышли из строя по вине их владельцев. С ноутбуками Toshiba ситуация ровно такая же, данные компьютеры гораздо реже выходят из строя по вине производителя и чаще по неосторожности самих пользователей.</span>&nbsp;</span><strong>Ремонт ноутбуков Toshiba</strong>&nbsp;наш сервисный центр осуществляет на профессиональном уровне, достигается это благодаря опыту нашего персонала и высококачественному оборудованию. Хотим отметить, что при ремонтных работах мы используем только качественные комплектующие.</p><div class=\"collapsible collapse-xs collapsed\">\r\n<div class=\"collapse-container\">\r\n<p>Замена матрицы ноутбука Toshiba процедура, которая сопровождается с частичным разбором ноутбука. Данный вид услуги у нас занимает не более 30 минут.</p>\r\n<p>Замена клавиатуры ноутбука Toshiba в нашем сервисном центре осуществляется в кратчайшие сроки и как правило занимает не более 30 минут.&nbsp;</p>\r\n<p>&nbsp;</p>\r\n</div>\r\n<div class=\"collapse-buttons text-xs-center\">\r\n<a href=\"#\" class=\"collapse-open\"><i class=\"icon-caret-down\"></i><span>Подробнее</span></a>\r\n<a href=\"#\" class=\"collapse-close\"><i class=\"icon-caret-up\"></i><span>Скрыть</span></a>\r\n</div>\r\n</div>',0,'toshiba.jpg',NULL,NULL,NULL,NULL),(50,'Packard Bell','<p><strong>Ремонт ноутбуков Packard Bell</strong>&nbsp;наш сервисный центр осуществляет на профессиональном уровне, достигается это благодаря опыту нашего персонала и высококачественному оборудованию. Хотим отметить, что при ремонтных работах мы используем только качественные комплектующие.</p>\r\n<p>Замена матрицы ноутбука Packard Bell&nbsp; процедура, которая сопровождается с частичным разбором ноутбука. Данный вид услуги у нас занимает не более 30 минут.</p><div class=\"collapsible collapse-xs collapsed\">\r\n<div class=\"collapse-container\">\r\n<p>Замена клавиатуры ноутбука Packard Bell&nbsp;в нашем сервисном центре осуществляется в кратчайшие сроки и как правило занимает не более 30 минут.&nbsp;</p>\r\n<p>&nbsp;</p>\r\n</div>\r\n<div class=\"collapse-buttons text-xs-center\">\r\n<a href=\"#\" class=\"collapse-open\"><i class=\"icon-caret-down\"></i><span>Подробнее</span></a>\r\n<a href=\"#\" class=\"collapse-close\"><i class=\"icon-caret-up\"></i><span>Скрыть</span></a>\r\n</div>\r\n</div>',0,'packard-bell.jpg',NULL,NULL,NULL,NULL),(51,'Замена матрицы ноутбука','<p>Экран ноутбука один из самых хрупких элементов и часто разбивается при падение компьютера.&nbsp;<strong>Замена матрицы ноутбука</strong>&nbsp;в нашем сервисном центре осуществляется на профессиональном уровне с применением оригинальных запчастей, так же стоит отметить что все работы проделывают специалисты с высокой квалификацией. Мы используем профессиональное оборудование и качественные комплектующие и все это позволяет с уверенностью сказать, что у нас замена матрицы ноутбука будет проделана на всяком уровне.</p><div class=\"collapsible collapse-xs collapsed\">\r\n<div class=\"collapse-container\">\r\n<p>Если на ноутбуке пропало изображение или картинка на экране искажена причиной тому скорей всего выход из строя дисплея то есть матрицы. Замена матрицы ноутбука процедура, которая требует определенных навыков и вероятность повредить корпусные элементы или внутренние комплектующие очень велика. Если Вы не имеет опыта в данном виде ремонта, то рекомендуем обратиться в специализированный сервис.</p>\r\n<p>&nbsp;</p>\r\n</div>\r\n<div class=\"collapse-buttons text-xs-center\">\r\n<a href=\"#\" class=\"collapse-open\"><i class=\"icon-caret-down\"></i><span>Подробнее</span></a>\r\n<a href=\"#\" class=\"collapse-close\"><i class=\"icon-caret-up\"></i><span>Скрыть</span></a>\r\n</div>\r\n</div>',0,'matrisa-noutbuka.jpg',NULL,NULL,NULL,NULL),(52,'Ремонт клавиатуры ноутбука','<p><span>Основной причиной выхода из строя клавиатуры ноутбука, является пролитая жидкость. В таком случае требуется либо&nbsp;</span><strong>ремонт клавиатуры ноутбука</strong><span>, а чаще всего ее полная замена . Если вдруг Вы пролили жидкость на ноутбук, срочно отключите его от сети питания и отсоедините аккумулятор, возможно, это может спасти ноутбук от дорогостоящего ремонта. Если &nbsp;клавиатура не отвечает на нажатие клавиш, скорее всего проблема имена в ней. Клавиатура для ноутбука, как правило, не подается ремонту, есть возможность ее промыть, но это приводит к нестабильной работе, а в итоге и вовсе полного выхода из строя. </span></p><div class=\"collapsible collapse-xs collapsed\">\r\n<div class=\"collapse-container\">\r\n<p><span>Так же бывают случаи, когда ломается кнопка и замена целой клавиатуры не обязательна, есть возможность заменить клавишу.&nbsp;Мы имеем достаточно большой опыт в данной категории ремонта. Благодаря услуге вызов мастера на дом, Вам не обязательно привозить ноутбук к нам в офис, наш специалист приедет в назначенное Вами место и произведет замену.</span></p>\r\n<p>&nbsp;</p>\r\n</div>\r\n<div class=\"collapse-buttons text-xs-center\">\r\n<a href=\"#\" class=\"collapse-open\"><i class=\"icon-caret-down\"></i><span>Подробнее</span></a>\r\n<a href=\"#\" class=\"collapse-close\"><i class=\"icon-caret-up\"></i><span>Скрыть</span></a>\r\n</div>\r\n</div>',0,'klaviatura-noutbuka.jpg',NULL,NULL,NULL,NULL),(53,'Huawei Mate S','<p><span>Если Вам требуется&nbsp;<strong><span>ремонт Huawei Mate S</span></strong></span><span>, то мы готовы помочь! В нашем сервисном центре работают только опытные специалисты, благодаря чему работы по восстановлению Вашего гаджета займут незначительное время, а качество самого ремонта будет на должном уровне.</span></p>\r\n<p><span data-mce-mark=\"1\">Одной из распространенной услугой является замена разбитого экрана, так как этот компонент считается самыми хрупким и при падении или ударе выходит из строя именно эта деталь. Замена стекла на Huawei Mate S</span><span data-mce-mark=\"1\">&nbsp;</span><span data-mce-mark=\"1\">в нашем сервисном центре производится в кратчайшие сроки с применением качественных комплектующих.</span></p><div class=\"collapsible collapse-xs collapsed\">\r\n<div class=\"collapse-container\">\r\n<p><span data-mce-mark=\"1\">Наш сервисный центр оказывает услуги ремонта любой сложности качественно и быстро.&nbsp;Устанавливаем оригинальные запчасти и предоставляем длительную гарантию. Все это дает полагать, что к ремонту подойдут с максимальной ответственностью. В таблице ниже можно ознакомиться с перечнем услуг, которые мы предлагаем. Все цены указаны с учетом запчастей. Если у Вас возникнут те или иные вопросы Вы всегда можете задать их нашим специалистам.&nbsp;</span></p>\r\n</div>\r\n<div class=\"collapse-buttons text-xs-center\">\r\n<a href=\"#\" class=\"collapse-open\"><i class=\"icon-caret-down\"></i><span>Подробнее</span></a>\r\n<a href=\"#\" class=\"collapse-close\"><i class=\"icon-caret-up\"></i><span>Скрыть</span></a>\r\n</div>\r\n</div>',0,NULL,NULL,NULL,NULL,NULL),(54,'Huawei G8','<p><span>Если Вам требуется&nbsp;<strong><span>ремонт Huawei G8</span></strong></span><span>, то мы готовы помочь! В нашем сервисном центре работают только опытные специалисты, благодаря чему работы по восстановлению Вашего гаджета займут незначительное время, а качество самого ремонта будет на должном уровне.</span></p>\r\n<p><span data-mce-mark=\"1\">Одной из распространенной услугой является замена разбитого экрана, так как этот компонент считается самыми хрупким и при падении или ударе выходит из строя именно эта деталь. Замена стекла на Huawei G8</span><strong><span data-mce-mark=\"1\">&nbsp;</span></strong><span data-mce-mark=\"1\">в нашем сервисном центре производится в кратчайшие сроки с применением качественных комплектующих.</span></p><div class=\"collapsible collapse-xs collapsed\">\r\n<div class=\"collapse-container\">\r\n<p><span>Наш сервисный центр оказывает услуги ремонта любой сложности качественно и быстро.&nbsp;Устанавливаем оригинальные запчасти и предоставляем длительную гарантию. Все это дает полагать, что к ремонту подойдут с максимальной ответственностью. В таблице ниже можно ознакомиться с перечнем услуг, которые мы предлагаем. Все цены указаны с учетом запчастей. Если у Вас возникнут те или иные вопросы Вы всегда можете задать их нашим специалистам.&nbsp;</span></p>\r\n</div>\r\n<div class=\"collapse-buttons text-xs-center\">\r\n<a href=\"#\" class=\"collapse-open\"><i class=\"icon-caret-down\"></i><span>Подробнее</span></a>\r\n<a href=\"#\" class=\"collapse-close\"><i class=\"icon-caret-up\"></i><span>Скрыть</span></a>\r\n</div>\r\n</div>',0,NULL,NULL,NULL,NULL,NULL),(55,'Huawei P8','<p><span>Если Вам требуется&nbsp;<strong><span>ремонт Huawei P8</span></strong></span><span>, то мы готовы помочь! В нашем сервисном центре работают только опытные специалисты, благодаря чему работы по восстановлению Вашего гаджета займут незначительное время, а качество самого ремонта будет на должном уровне.</span></p>\r\n<p><span>Одной из распространенной услугой является замена разбитого экрана, так как этот компонент считается самыми хрупким и при падении или ударе выходит из строя именно эта деталь. Замена стекла на Huawei </span>P8<strong><span>&nbsp;</span></strong><span>в нашем сервисном центре производится в кратчайшие сроки с применением качественных комплектующих.</span></p><div class=\"collapsible collapse-xs collapsed\">\r\n<div class=\"collapse-container\">\r\n<p><span>Наш сервисный центр оказывает услуги ремонта любой сложности качественно и быстро.&nbsp;Устанавливаем оригинальные запчасти и предоставляем длительную гарантию. Все это дает полагать, что к ремонту подойдут с максимальной ответственностью. В таблице ниже можно ознакомиться с перечнем услуг, которые мы предлагаем. Все цены указаны с учетом запчастей. Если у Вас возникнут те или иные вопросы Вы всегда можете задать их нашим специалистам.&nbsp;</span></p>\r\n</div>\r\n<div class=\"collapse-buttons text-xs-center\">\r\n<a href=\"#\" class=\"collapse-open\"><i class=\"icon-caret-down\"></i><span>Подробнее</span></a>\r\n<a href=\"#\" class=\"collapse-close\"><i class=\"icon-caret-up\"></i><span>Скрыть</span></a>\r\n</div>\r\n</div>',0,NULL,NULL,NULL,NULL,NULL),(56,'Huawei P8 Lite','<p><span>Если Вам требуется&nbsp;<strong><span>ремонт Huawei P8 Lite</span></strong></span><span>, то мы готовы помочь! В нашем сервисном центре работают только опытные специалисты, благодаря чему работы по восстановлению Вашего гаджета займут незначительное время, а качество самого ремонта будет на должном уровне.</span></p>\r\n<p><span>Одной из распространенной услугой является замена разбитого экрана, так как этот компонент считается самыми хрупким и при падении или ударе выходит из строя именно эта деталь. Замена стекла на Huawei </span>P8 Lite<strong><span>&nbsp;</span></strong><span>в нашем сервисном центре производится в кратчайшие сроки с применением качественных комплектующих.</span></p><div class=\"collapsible collapse-xs collapsed\">\r\n<div class=\"collapse-container\">\r\n<p><span>Наш сервисный центр оказывает услуги ремонта любой сложности качественно и быстро.&nbsp;Устанавливаем оригинальные запчасти и предоставляем длительную гарантию. Все это дает полагать, что к ремонту подойдут с максимальной ответственностью. В таблице ниже можно ознакомиться с перечнем услуг, которые мы предлагаем. Все цены указаны с учетом запчастей. Если у Вас возникнут те или иные вопросы Вы всегда можете задать их нашим специалистам.&nbsp;</span></p>\r\n</div>\r\n<div class=\"collapse-buttons text-xs-center\">\r\n<a href=\"#\" class=\"collapse-open\"><i class=\"icon-caret-down\"></i><span>Подробнее</span></a>\r\n<a href=\"#\" class=\"collapse-close\"><i class=\"icon-caret-up\"></i><span>Скрыть</span></a>\r\n</div>\r\n</div>',0,NULL,NULL,NULL,NULL,NULL),(57,'Huawei P8 Max','<p><span>Если Вам требуется&nbsp;<strong><span>ремонт Huawei P8 Max</span></strong></span><span>, то мы готовы помочь! В нашем сервисном центре работают только опытные специалисты, благодаря чему работы по восстановлению Вашего гаджета займут незначительное время, а качество самого ремонта будет на должном уровне.</span></p>\r\n<p><span>Одной из распространенной услугой является замена разбитого экрана, так как этот компонент считается самыми хрупким и при падении или ударе выходит из строя именно эта деталь. Замена стекла на Huawei </span>P8&nbsp;Max<strong><span>&nbsp;</span></strong><span>в нашем сервисном центре производится в кратчайшие сроки с применением качественных комплектующих.</span></p><div class=\"collapsible collapse-xs collapsed\">\r\n<div class=\"collapse-container\">\r\n<p><span>Наш сервисный центр оказывает услуги ремонта любой сложности качественно и быстро.&nbsp;Устанавливаем оригинальные запчасти и предоставляем длительную гарантию. Все это дает полагать, что к ремонту подойдут с максимальной ответственностью. В таблице ниже можно ознакомиться с перечнем услуг, которые мы предлагаем. Все цены указаны с учетом запчастей. Если у Вас возникнут те или иные вопросы Вы всегда можете задать их нашим специалистам.&nbsp;</span></p>\r\n</div>\r\n<div class=\"collapse-buttons text-xs-center\">\r\n<a href=\"#\" class=\"collapse-open\"><i class=\"icon-caret-down\"></i><span>Подробнее</span></a>\r\n<a href=\"#\" class=\"collapse-close\"><i class=\"icon-caret-up\"></i><span>Скрыть</span></a>\r\n</div>\r\n</div>',0,NULL,NULL,NULL,NULL,NULL),(58,'Huawei Honor 6 Plus','<p><span>Если Вам требуется&nbsp;<strong><span>ремонт Huawei </span></strong></span><strong><span lang=\"EN-US\">Honor</span></strong><strong><span> 6 </span></strong><strong><span lang=\"EN-US\">Plus</span></strong><span>, то мы готовы помочь! В нашем сервисном центре работают только опытные специалисты, благодаря чему работы по восстановлению Вашего гаджета займут незначительное время, а качество самого ремонта будет на должном уровне.</span></p>\r\n<p><span data-mce-mark=\"1\">Одной из распространенной услугой является замена разбитого экрана, так как этот компонент считается самыми хрупким и при падении или ударе выходит из строя именно эта деталь. Замена стекла на Huawei </span><span data-mce-mark=\"1\">6 </span><span data-mce-mark=\"1\">Plus&nbsp;</span><span data-mce-mark=\"1\">в нашем сервисном центре производится в кратчайшие сроки с применением качественных комплектующих.</span></p><div class=\"collapsible collapse-xs collapsed\">\r\n<div class=\"collapse-container\">\r\n<p><span data-mce-mark=\"1\">Наш сервисный центр оказывает услуги ремонта любой сложности качественно и быстро.&nbsp;Устанавливаем оригинальные запчасти и предоставляем длительную гарантию. Все это дает полагать, что к ремонту подойдут с максимальной ответственностью. В таблице ниже можно ознакомиться с перечнем услуг, которые мы предлагаем. Все цены указаны с учетом запчастей. Если у Вас возникнут те или иные вопросы Вы всегда можете задать их нашим специалистам.&nbsp;</span></p>\r\n</div>\r\n<div class=\"collapse-buttons text-xs-center\">\r\n<a href=\"#\" class=\"collapse-open\"><i class=\"icon-caret-down\"></i><span>Подробнее</span></a>\r\n<a href=\"#\" class=\"collapse-close\"><i class=\"icon-caret-up\"></i><span>Скрыть</span></a>\r\n</div>\r\n</div>',0,NULL,NULL,NULL,NULL,NULL),(59,'Huawei Honor 6','<p><span>Если Вам требуется&nbsp;<strong><span>ремонт Huawei </span></strong></span><strong><span>Honor</span></strong><strong><span> 6</span></strong><span>, то мы готовы помочь! В нашем сервисном центре работают только опытные специалисты, благодаря чему работы по восстановлению Вашего гаджета займут незначительное время, а качество самого ремонта будет на должном уровне.</span></p>\r\n<p><span data-mce-mark=\"1\">Одной из распространенной услугой является замена разбитого экрана, так как этот компонент считается самыми хрупким и при падении или ударе выходит из строя именно эта деталь. Замена стекла на Huawei </span><span data-mce-mark=\"1\">6 </span><span data-mce-mark=\"1\">в нашем сервисном центре производится в кратчайшие сроки с применением качественных комплектующих.</span></p><div class=\"collapsible collapse-xs collapsed\">\r\n<div class=\"collapse-container\">\r\n<p><span data-mce-mark=\"1\">Наш сервисный центр оказывает услуги ремонта любой сложности качественно и быстро.&nbsp;Устанавливаем оригинальные запчасти и предоставляем длительную гарантию. Все это дает полагать, что к ремонту подойдут с максимальной ответственностью. В таблице ниже можно ознакомиться с перечнем услуг, которые мы предлагаем. Все цены указаны с учетом запчастей. Если у Вас возникнут те или иные вопросы Вы всегда можете задать их нашим специалистам.&nbsp;</span></p>\r\n</div>\r\n<div class=\"collapse-buttons text-xs-center\">\r\n<a href=\"#\" class=\"collapse-open\"><i class=\"icon-caret-down\"></i><span>Подробнее</span></a>\r\n<a href=\"#\" class=\"collapse-close\"><i class=\"icon-caret-up\"></i><span>Скрыть</span></a>\r\n</div>\r\n</div>',0,NULL,NULL,NULL,NULL,NULL),(60,'Huawei Honor 4X','<p><span>Если Вам требуется&nbsp;<strong><span>ремонт Huawei </span></strong></span><strong><span>Honor</span></strong><strong><span>&nbsp;4X</span></strong><span>, то мы готовы помочь! В нашем сервисном центре работают только опытные специалисты, благодаря чему работы по восстановлению Вашего гаджета займут незначительное время, а качество самого ремонта будет на должном уровне.</span></p>\r\n<p><span>Одной из распространенной услугой является замена разбитого экрана, так как этот компонент считается самыми хрупким и при падении или ударе выходит из строя именно эта деталь. Замена стекла на Huawei </span>Honor&nbsp;4X<strong><span>&nbsp;</span></strong><span>в нашем сервисном центре производится в кратчайшие сроки с применением качественных комплектующих.</span></p><div class=\"collapsible collapse-xs collapsed\">\r\n<div class=\"collapse-container\">\r\n<p><span>Наш сервисный центр оказывает услуги ремонта любой сложности качественно и быстро.&nbsp;Устанавливаем оригинальные запчасти и предоставляем длительную гарантию. Все это дает полагать, что к ремонту подойдут с максимальной ответственностью. В таблице ниже можно ознакомиться с перечнем услуг, которые мы предлагаем. Все цены указаны с учетом запчастей. Если у Вас возникнут те или иные вопросы Вы всегда можете задать их нашим специалистам.&nbsp;</span></p>\r\n</div>\r\n<div class=\"collapse-buttons text-xs-center\">\r\n<a href=\"#\" class=\"collapse-open\"><i class=\"icon-caret-down\"></i><span>Подробнее</span></a>\r\n<a href=\"#\" class=\"collapse-close\"><i class=\"icon-caret-up\"></i><span>Скрыть</span></a>\r\n</div>\r\n</div>',0,NULL,NULL,NULL,NULL,NULL),(61,'Huawei Honor 4C','<p><span>Если Вам требуется&nbsp;<strong><span>ремонт Huawei Honor 4C</span></strong></span><span>, то мы готовы помочь! В нашем сервисном центре работают только опытные специалисты, благодаря чему работы по восстановлению Вашего гаджета займут незначительное время, а качество самого ремонта будет на должном уровне.</span></p>\r\n<p><span>Одной из распространенной услугой является замена разбитого экрана, так как этот компонент считается самыми хрупким и при падении или ударе выходит из строя именно эта деталь. Замена стекла на Huawei Honor 4C</span><strong><span>&nbsp;</span></strong><span>в нашем сервисном центре производится в кратчайшие сроки с применением качественных комплектующих.</span></p><div class=\"collapsible collapse-xs collapsed\">\r\n<div class=\"collapse-container\">\r\n<p><span>Наш сервисный центр оказывает услуги ремонта любой сложности качественно и быстро.&nbsp;Устанавливаем оригинальные запчасти и предоставляем длительную гарантию. Все это дает полагать, что к ремонту подойдут с максимальной ответственностью. В таблице ниже можно ознакомиться с перечнем услуг, которые мы предлагаем. Все цены указаны с учетом запчастей. Если у Вас возникнут те или иные вопросы Вы всегда можете задать их нашим специалистам.&nbsp;</span></p>\r\n</div>\r\n<div class=\"collapse-buttons text-xs-center\">\r\n<a href=\"#\" class=\"collapse-open\"><i class=\"icon-caret-down\"></i><span>Подробнее</span></a>\r\n<a href=\"#\" class=\"collapse-close\"><i class=\"icon-caret-up\"></i><span>Скрыть</span></a>\r\n</div>\r\n</div>',0,NULL,NULL,NULL,NULL,NULL),(62,'Huawei Honor 3X','<p><span>Если Вам требуется&nbsp;<strong><span>ремонт Huawei&nbsp;<span>Honor 3X</span></span></strong></span><span>, то мы готовы помочь! В нашем сервисном центре работают только опытные специалисты, благодаря чему работы по восстановлению Вашего гаджета займут незначительное время, а качество самого ремонта будет на должном уровне.</span></p>\r\n<p><span data-mce-mark=\"1\">Одной из распространенной услугой является замена разбитого экрана, так как этот компонент считается самыми хрупким и при падении или ударе выходит из строя именно эта деталь. Замена стекла на Huawei&nbsp;<span>Honor 3X</span></span><span data-mce-mark=\"1\">&nbsp;</span><span data-mce-mark=\"1\">в нашем сервисном центре производится в кратчайшие сроки с применением качественных комплектующих.</span></p><div class=\"collapsible collapse-xs collapsed\">\r\n<div class=\"collapse-container\">\r\n<p><span data-mce-mark=\"1\">Наш сервисный центр оказывает услуги ремонта любой сложности качественно и быстро.&nbsp;Устанавливаем оригинальные запчасти и предоставляем длительную гарантию. Все это дает полагать, что к ремонту подойдут с максимальной ответственностью. В таблице ниже можно ознакомиться с перечнем услуг, которые мы предлагаем. Все цены указаны с учетом запчастей. Если у Вас возникнут те или иные вопросы Вы всегда можете задать их нашим специалистам.&nbsp;</span></p>\r\n</div>\r\n<div class=\"collapse-buttons text-xs-center\">\r\n<a href=\"#\" class=\"collapse-open\"><i class=\"icon-caret-down\"></i><span>Подробнее</span></a>\r\n<a href=\"#\" class=\"collapse-close\"><i class=\"icon-caret-up\"></i><span>Скрыть</span></a>\r\n</div>\r\n</div>',0,NULL,NULL,NULL,NULL,NULL),(63,'Huawei Honor 3C','<p><span>Если Вам требуется&nbsp;<strong><span>ремонт Huawei Honor 3C</span></strong></span><span>, то мы готовы помочь! В нашем сервисном центре работают только опытные специалисты, благодаря чему работы по восстановлению Вашего гаджета займут незначительное время, а качество самого ремонта будет на должном уровне.</span></p>\r\n<p><span data-mce-mark=\"1\">Одной из распространенной услугой является замена разбитого экрана, так как этот компонент считается самыми хрупким и при падении или ударе выходит из строя именно эта деталь. Замена стекла на Huawei Honor 3C</span><span data-mce-mark=\"1\">&nbsp;</span><span data-mce-mark=\"1\">в нашем сервисном центре производится в кратчайшие сроки с применением качественных комплектующих.</span></p><div class=\"collapsible collapse-xs collapsed\">\r\n<div class=\"collapse-container\">\r\n<p><span data-mce-mark=\"1\">Наш сервисный центр оказывает услуги ремонта любой сложности качественно и быстро.&nbsp;Устанавливаем оригинальные запчасти и предоставляем длительную гарантию. Все это дает полагать, что к ремонту подойдут с максимальной ответственностью. В таблице ниже можно ознакомиться с перечнем услуг, которые мы предлагаем. Все цены указаны с учетом запчастей. Если у Вас возникнут те или иные вопросы Вы всегда можете задать их нашим специалистам.&nbsp;</span></p>\r\n</div>\r\n<div class=\"collapse-buttons text-xs-center\">\r\n<a href=\"#\" class=\"collapse-open\"><i class=\"icon-caret-down\"></i><span>Подробнее</span></a>\r\n<a href=\"#\" class=\"collapse-close\"><i class=\"icon-caret-up\"></i><span>Скрыть</span></a>\r\n</div>\r\n</div>',0,NULL,NULL,NULL,NULL,NULL),(64,'Huawei Ascend Mate 7','<p><span>Если Вам требуется&nbsp;<strong><span>ремонт Huawei <span>Ascend Mate7</span></span></strong></span><span>, то мы готовы помочь! В нашем сервисном центре работают только опытные специалисты, благодаря чему работы по восстановлению Вашего гаджета займут незначительное время, а качество самого ремонта будет на должном уровне.</span></p>\r\n<p><span>Одной из распространенной услугой является замена разбитого экрана, так как этот компонент считается самыми хрупким и при падении или ударе выходит из строя именно эта деталь. Замена стекла на Huawei <span>Ascend Mate7</span></span><strong><span>&nbsp;</span></strong><span>в нашем сервисном центре производится в кратчайшие сроки с применением качественных комплектующих.</span></p><div class=\"collapsible collapse-xs collapsed\">\r\n<div class=\"collapse-container\">\r\n<p><span>Наш сервисный центр оказывает услуги ремонта любой сложности качественно и быстро.&nbsp;Устанавливаем оригинальные запчасти и предоставляем длительную гарантию. Все это дает полагать, что к ремонту подойдут с максимальной ответственностью. В таблице ниже можно ознакомиться с перечнем услуг, которые мы предлагаем. Все цены указаны с учетом запчастей. Если у Вас возникнут те или иные вопросы Вы всегда можете задать их нашим специалистам.&nbsp;</span></p>\r\n</div>\r\n<div class=\"collapse-buttons text-xs-center\">\r\n<a href=\"#\" class=\"collapse-open\"><i class=\"icon-caret-down\"></i><span>Подробнее</span></a>\r\n<a href=\"#\" class=\"collapse-close\"><i class=\"icon-caret-up\"></i><span>Скрыть</span></a>\r\n</div>\r\n</div>',0,NULL,NULL,NULL,NULL,NULL),(65,'OnePlus 2','<p>Наш сервисный центр предлагает профессиональный&nbsp;<strong>ремонт&nbsp;OnePlus 2</strong>, с применением только качественных комплектующих. Благодаря опыту наших специалистов Вы можете не сомневаться, что услуга будет выполнена на качественном уровне, а длительная гарантия дает основание полагать что к ремонту отнесутся со всей ответственностью!</p><div class=\"collapsible collapse-xs collapsed\">\r\n<div class=\"collapse-container\">\r\n<p>Так же хотим отметить что самой распространенной услугой является замена разбитого экрана, так как этот компонент считается самыми хрупким и при падении или ударе выходит из строя именно эта деталь. Замена стекла на OnePlus 2&nbsp;в нашем сервисном центре производится в кратчайшие сроки с применением качественных комплектующих.</p>\r\n</div>\r\n<div class=\"collapse-buttons text-xs-center\">\r\n<a href=\"#\" class=\"collapse-open\"><i class=\"icon-caret-down\"></i><span>Подробнее</span></a>\r\n<a href=\"#\" class=\"collapse-close\"><i class=\"icon-caret-up\"></i><span>Скрыть</span></a>\r\n</div>\r\n</div>',0,NULL,NULL,NULL,NULL,NULL),(66,'OnePlus One','<p>Наш сервисный центр предлагает профессиональный&nbsp;<strong>ремонт&nbsp;OnePlus One</strong>, с применением только качественных комплектующих. Благодаря опыту наших специалистов Вы можете не сомневаться, что услуга будет выполнена на качественном уровне, а длительная гарантия дает основание полагать что к ремонту отнесутся со всей ответственностью!</p><div class=\"collapsible collapse-xs collapsed\">\r\n<div class=\"collapse-container\">\r\n<p>Так же хотим отметить что самой распространенной услугой является замена разбитого экрана, так как этот компонент считается самыми хрупким и при падении или ударе выходит из строя именно эта деталь. Замена стекла на OnePlus One&nbsp;в нашем сервисном центре производится в кратчайшие сроки с применением качественных комплектующих.</p>\r\n</div>\r\n<div class=\"collapse-buttons text-xs-center\">\r\n<a href=\"#\" class=\"collapse-open\"><i class=\"icon-caret-down\"></i><span>Подробнее</span></a>\r\n<a href=\"#\" class=\"collapse-close\"><i class=\"icon-caret-up\"></i><span>Скрыть</span></a>\r\n</div>\r\n</div>',0,NULL,NULL,NULL,NULL,NULL),(67,'Sony Xperia Z5 Premium','<p>Если Вам требуется<strong>&nbsp;ремонт Sony Xperia Z5 Premium</strong>, то мы готовы помочь! В нашем сервисном центре работают только опытные специалисты, благодаря чему работы по восстановлению Вашего гаджета займут незначительное время, а качество самого ремонта будет на должном уровне.</p>\r\n<p>Мы производим так же компонентный ремонт — это более сложный вид работ, и требует у мастера квалификации. Например, при выходе из строя, какого-либо элемента материнской платы, влечет за собой более сложный ремонт, который требует навыков и специального оборудования.</p><div class=\"collapsible collapse-xs collapsed\">\r\n<div class=\"collapse-container\">\r\n<div class=\"collapsible collapse-xs collapsed\">\r\n<div class=\"collapse-container\">\r\n<p>Замена стекла на Sony Xperia Z5 Premium&nbsp;в нашем сервисном центре производится в кратчайшие сроки с применением качественных комплектующих.</p>\r\n</div>\r\n</div>\r\n</div>\r\n<div class=\"collapse-buttons text-xs-center\">\r\n<a href=\"#\" class=\"collapse-open\"><i class=\"icon-caret-down\"></i><span>Подробнее</span></a>\r\n<a href=\"#\" class=\"collapse-close\"><i class=\"icon-caret-up\"></i><span>Скрыть</span></a>\r\n</div>\r\n</div>',0,NULL,NULL,NULL,NULL,NULL),(68,'Sony Xperia Z5','<p><strong>Ремонт Sony Xperia Z5</strong>&nbsp;в нашем сервисном центре производится опытными специалистами, благодаря чему отремонтированное устройство прослужит Вам еще очень долго. Стоит отметить, что мы используем только качественные и проверенные комплектующие, установка которых гарантирует надежную и стабильную работу смартфона.</p><div class=\"collapsible collapse-xs collapsed\">\r\n<div class=\"collapse-container\">\r\n<p>В большинстве случаев нам приходится сталкиваться с модульным ремонтом, например замена таких элементов как: дисплей, слуховой динамик, корпус или аккумулятор.&nbsp;При падении у смартфона может быть поврежден экран, или разбиться сенсорное стекло, так как данная деталь является самым хрупким составляющим телефона, в таком случае замена стекла будет необходимая процедура. Стоит упомянуть, что перед приемом сломанного устройства мы производим бесплатную первоначальную диагностику, после чего озвучиваем точную стоимость и сроки ремонта. На все услуги распространяется длительная гарантия!</p>\r\n</div>\r\n<div class=\"collapse-buttons text-xs-center\">\r\n<a href=\"#\" class=\"collapse-open\"><i class=\"icon-caret-down\"></i><span>Подробнее</span></a>\r\n<a href=\"#\" class=\"collapse-close\"><i class=\"icon-caret-up\"></i><span>Скрыть</span></a>\r\n</div>\r\n</div>',0,NULL,NULL,NULL,NULL,NULL),(69,'Sony Xperia Z5 Compact','<p><strong>Ремонт Sony Xperia Z5 Compact</strong>&nbsp;в нашем сервисном центре производится опытными специалистами, благодаря чему отремонтированное устройство прослужит Вам еще очень долго. Стоит отметить, что мы используем только качественные и проверенные комплектующие, установка которых гарантирует надежную и стабильную работу смартфона.</p><div class=\"collapsible collapse-xs collapsed\">\r\n<div class=\"collapse-container\">\r\n<p>В большинстве случаев нам приходится сталкиваться с модульным ремонтом, например замена таких элементов как: дисплей, слуховой динамик, корпус или аккумулятор.&nbsp;При падении у смартфона может быть поврежден экран, или разбиться сенсорное стекло, так как данная деталь является самым хрупким составляющим телефона, в таком случае замена стекла будет необходимая процедура. Стоит упомянуть, что перед приемом сломанного устройства мы производим бесплатную первоначальную диагностику, после чего озвучиваем точную стоимость и сроки ремонта. На все услуги распространяется длительная гарантия!</p>\r\n</div>\r\n<div class=\"collapse-buttons text-xs-center\">\r\n<a href=\"#\" class=\"collapse-open\"><i class=\"icon-caret-down\"></i><span>Подробнее</span></a>\r\n<a href=\"#\" class=\"collapse-close\"><i class=\"icon-caret-up\"></i><span>Скрыть</span></a>\r\n</div>\r\n</div>',0,NULL,NULL,NULL,NULL,NULL),(70,'Sony Xperia Z4','<p><strong>Ремонт Sony Xperia Z4</strong>&nbsp;в нашем сервисном центре производится опытными специалистами, благодаря чему отремонтированное устройство прослужит Вам еще очень долго. Стоит отметить, что мы используем только качественные и проверенные комплектующие, установка которых гарантирует надежную и стабильную работу смартфона.</p><div class=\"collapsible collapse-xs collapsed\">\r\n<div class=\"collapse-container\">\r\n<p>В большинстве случаев нам приходится сталкиваться с модульным ремонтом, например замена таких элементов как: дисплей, слуховой динамик, корпус или аккумулятор.&nbsp;При падении у смартфона может быть поврежден экран, или разбиться сенсорное стекло, так как данная деталь является самым хрупким составляющим телефона, в таком случае замена стекла будет необходимая процедура. Стоит упомянуть, что перед приемом сломанного устройства мы производим бесплатную первоначальную диагностику, после чего озвучиваем точную стоимость и сроки ремонта. На все услуги распространяется длительная гарантия!</p>\r\n</div>\r\n<div class=\"collapse-buttons text-xs-center\">\r\n<a href=\"#\" class=\"collapse-open\"><i class=\"icon-caret-down\"></i><span>Подробнее</span></a>\r\n<a href=\"#\" class=\"collapse-close\"><i class=\"icon-caret-up\"></i><span>Скрыть</span></a>\r\n</div>\r\n</div>',0,NULL,NULL,NULL,NULL,NULL),(71,'Sony Xperia Z3','<p><span><strong>Ремонт Sony Xperia Z3</strong>&nbsp;в нашем сервисном центре производится опытными специалистами, благодаря чему отремонтированное устройство прослужит Вам еще очень долго. Стоит отметить, что мы используем только качественные и проверенные комплектующие, установка которых гарантирует надежную и стабильную работу смартфона.</span></p><div class=\"collapsible collapse-xs collapsed\">\r\n<div class=\"collapse-container\">\r\n<p>В большинстве случаев нам приходится сталкиваться с модульным ремонтом, например замена таких элементов как: дисплей, слуховой динамик, корпус или аккумулятор.&nbsp;При падении у смартфона может быть поврежден экран, или разбиться сенсорное стекло, так как данная деталь является самым хрупким составляющим телефона, в таком случае замена стекла будет необходимая процедура. Стоит упомянуть, что перед приемом сломанного устройства мы производим бесплатную первоначальную диагностику, после чего озвучиваем точную стоимость и сроки ремонта. На все услуги распространяется длительная гарантия!</p>\r\n</div>\r\n<div class=\"collapse-buttons text-xs-center\">\r\n<a href=\"#\" class=\"collapse-open\"><i class=\"icon-caret-down\"></i><span>Подробнее</span></a>\r\n<a href=\"#\" class=\"collapse-close\"><i class=\"icon-caret-up\"></i><span>Скрыть</span></a>\r\n</div>\r\n</div>',0,NULL,NULL,NULL,NULL,NULL),(72,'Sony Xperia Z3 Compact','<p><span><strong>Ремонт Sony Xperia Z3&nbsp;Compact</strong>&nbsp;в нашем сервисном центре производится опытными специалистами, благодаря чему отремонтированное устройство прослужит Вам еще очень долго. Стоит отметить, что мы используем только качественные и проверенные комплектующие, установка которых гарантирует надежную и стабильную работу смартфона.</span></p><div class=\"collapsible collapse-xs collapsed\">\r\n<div class=\"collapse-container\">\r\n<p>В большинстве случаев нам приходится сталкиваться с модульным ремонтом, например замена таких элементов как: дисплей, слуховой динамик, корпус или аккумулятор.&nbsp;При падении у смартфона может быть поврежден экран, или разбиться сенсорное стекло, так как данная деталь является самым хрупким составляющим телефона, в таком случае замена стекла будет необходимая процедура. Стоит упомянуть, что перед приемом сломанного устройства мы производим бесплатную первоначальную диагностику, после чего озвучиваем точную стоимость и сроки ремонта. На все услуги распространяется длительная гарантия!</p>\r\n</div>\r\n<div class=\"collapse-buttons text-xs-center\">\r\n<a href=\"#\" class=\"collapse-open\"><i class=\"icon-caret-down\"></i><span>Подробнее</span></a>\r\n<a href=\"#\" class=\"collapse-close\"><i class=\"icon-caret-up\"></i><span>Скрыть</span></a>\r\n</div>\r\n</div>',0,NULL,NULL,NULL,NULL,NULL),(74,'Sony Xperia Z1','<p><strong>Ремонт Sony Xperia Z1</strong>&nbsp;в нашем сервисном центре производится опытными специалистами, благодаря чему отремонтированное устройство прослужит Вам еще очень долго. Стоит отметить, что мы используем только качественные и проверенные комплектующие, установка которых гарантирует надежную и стабильную работу смартфона.</p><div class=\"collapsible collapse-xs collapsed\">\r\n<div class=\"collapse-container\">\r\n<p>В большинстве случаев нам приходится сталкиваться с модульным ремонтом, например замена таких элементов как: дисплей, слуховой динамик, корпус или аккумулятор.&nbsp;При падении у смартфона может быть поврежден экран, или разбиться сенсорное стекло, так как данная деталь является самым хрупким составляющим телефона, в таком случае замена стекла будет необходимая процедура. Стоит упомянуть, что перед приемом сломанного устройства мы производим бесплатную первоначальную диагностику, после чего озвучиваем точную стоимость и сроки ремонта. На все услуги распространяется длительная гарантия!</p>\r\n</div>\r\n<div class=\"collapse-buttons text-xs-center\">\r\n<a href=\"#\" class=\"collapse-open\"><i class=\"icon-caret-down\"></i><span>Подробнее</span></a>\r\n<a href=\"#\" class=\"collapse-close\"><i class=\"icon-caret-up\"></i><span>Скрыть</span></a>\r\n</div>\r\n</div>',0,NULL,NULL,NULL,NULL,NULL),(75,'Sony Xperia Z1 Compact','<p><strong>Ремонт Sony Xperia Z1 Compact</strong>&nbsp;в нашем сервисном центре производится опытными специалистами, благодаря чему отремонтированное устройство прослужит Вам еще очень долго. Стоит отметить, что мы используем только качественные и проверенные комплектующие, установка которых гарантирует надежную и стабильную работу смартфона.</p><div class=\"collapsible collapse-xs collapsed\">\r\n<div class=\"collapse-container\">\r\n<p>В большинстве случаев нам приходится сталкиваться с модульным ремонтом, например замена таких элементов как: дисплей, слуховой динамик, корпус или аккумулятор.&nbsp;При падении у смартфона может быть поврежден экран, или разбиться сенсорное стекло, так как данная деталь является самым хрупким составляющим телефона, в таком случае замена стекла будет необходимая процедура. Стоит упомянуть, что перед приемом сломанного устройства мы производим бесплатную первоначальную диагностику, после чего озвучиваем точную стоимость и сроки ремонта. На все услуги распространяется длительная гарантия!</p>\r\n</div>\r\n<div class=\"collapse-buttons text-xs-center\">\r\n<a href=\"#\" class=\"collapse-open\"><i class=\"icon-caret-down\"></i><span>Подробнее</span></a>\r\n<a href=\"#\" class=\"collapse-close\"><i class=\"icon-caret-up\"></i><span>Скрыть</span></a>\r\n</div>\r\n</div>',0,NULL,NULL,NULL,NULL,NULL),(76,'Sony Xperia Z Ultra','<p><strong>Ремонт Sony Xperia Z Ultra</strong>&nbsp;в нашем сервисном центре производится опытными специалистами, благодаря чему отремонтированное устройство прослужит Вам еще очень долго. Стоит отметить, что мы используем только качественные и проверенные комплектующие, установка которых гарантирует надежную и стабильную работу смартфона.</p><div class=\"collapsible collapse-xs collapsed\">\r\n<div class=\"collapse-container\">\r\n<p>В большинстве случаев нам приходится сталкиваться с модульным ремонтом, например замена таких элементов как: дисплей, слуховой динамик, корпус или аккумулятор.&nbsp;При падении у смартфона может быть поврежден экран, или разбиться сенсорное стекло, так как данная деталь является самым хрупким составляющим телефона, в таком случае замена стекла будет необходимая процедура. Стоит упомянуть, что перед приемом сломанного устройства мы производим бесплатную первоначальную диагностику, после чего озвучиваем точную стоимость и сроки ремонта. На все услуги распространяется длительная гарантия!</p>\r\n</div>\r\n<div class=\"collapse-buttons text-xs-center\">\r\n<a href=\"#\" class=\"collapse-open\"><i class=\"icon-caret-down\"></i><span>Подробнее</span></a>\r\n<a href=\"#\" class=\"collapse-close\"><i class=\"icon-caret-up\"></i><span>Скрыть</span></a>\r\n</div>\r\n</div>',0,NULL,NULL,NULL,NULL,NULL),(77,'Sony Xperia Z','<p><strong>Ремонт Sony Xperia Z&nbsp;</strong>&nbsp;в нашем сервисном центре производится опытными специалистами, благодаря чему отремонтированное устройство прослужит Вам еще очень долго. Стоит отметить, что мы используем только качественные и проверенные комплектующие, установка которых гарантирует надежную и стабильную работу смартфона.</p><div class=\"collapsible collapse-xs collapsed\">\r\n<div class=\"collapse-container\">\r\n<p>В большинстве случаев нам приходится сталкиваться с модульным ремонтом, например замена таких элементов как: дисплей, слуховой динамик, корпус или аккумулятор.&nbsp;При падении у смартфона может быть поврежден экран, или разбиться сенсорное стекло, так как данная деталь является самым хрупким составляющим телефона, в таком случае замена стекла будет необходимая процедура. Стоит упомянуть, что перед приемом сломанного устройства мы производим бесплатную первоначальную диагностику, после чего озвучиваем точную стоимость и сроки ремонта. На все услуги распространяется длительная гарантия!</p>\r\n</div>\r\n<div class=\"collapse-buttons text-xs-center\">\r\n<a href=\"#\" class=\"collapse-open\"><i class=\"icon-caret-down\"></i><span>Подробнее</span></a>\r\n<a href=\"#\" class=\"collapse-close\"><i class=\"icon-caret-up\"></i><span>Скрыть</span></a>\r\n</div>\r\n</div>',0,NULL,NULL,NULL,NULL,NULL),(78,'Samsung Galaxy A7','<p>Если требуется качественный&nbsp;<strong>ремонт Samsung Galaxy A7,</strong>&nbsp;то мы Вам готовы помочь! Мы выполняем ремонтные работы любой сложности и как правило в сжатые сроки! В этом разделе нашего сайта Вы можете ознакомится с перечнем предоставляемых нами услуг. Стоит отметить что&nbsp;ремонт&nbsp;Samsung&nbsp;Galaxy A7 в нашем сервисном центре осуществляется только опытными мастерами, применяя при этом профессиональное оборудование и оригинальные запчасти. Все это гарантирует долговечную работу Вашего устройства после ремонта в «BMSTUСервис».</p><div class=\"collapsible collapse-xs collapsed\">\r\n<div class=\"collapse-container\">\r\n<p>Так же мы оказываем и компонентный ремонт — это более сложный вид работ, и требует у мастера квалификации. Например, при выходе из строя, какого-либо элемента материнской платы, влечет за собой более сложный ремонт, который требует навыков и специального оборудования.&nbsp;</p>\r\n</div>\r\n<div class=\"collapse-buttons text-xs-center\">\r\n<a href=\"#\" class=\"collapse-open\"><i class=\"icon-caret-down\"></i><span>Подробнее</span></a>\r\n<a href=\"#\" class=\"collapse-close\"><i class=\"icon-caret-up\"></i><span>Скрыть</span></a>\r\n</div>\r\n</div>',0,NULL,NULL,NULL,NULL,NULL),(79,'Samsung Galaxy A5','<p>Если требуется качественный&nbsp;<strong>ремонт Samsung Galaxy A5,</strong>&nbsp;то мы Вам готовы помочь! Мы выполняем ремонтные работы любой сложности и как правило в сжатые сроки! В этом разделе нашего сайта Вы можете ознакомится с перечнем предоставляемых нами услуг. Стоит отметить что&nbsp;ремонт&nbsp;Samsung&nbsp;Galaxy A5 в нашем сервисном центре осуществляется только опытными мастерами, применяя при этом профессиональное оборудование и оригинальные запчасти. Все это гарантирует долговечную работу Вашего устройства после ремонта в «BMSTUСервис».</p><div class=\"collapsible collapse-xs collapsed\">\r\n<div class=\"collapse-container\">\r\n<p>Так же мы оказываем и компонентный ремонт — это более сложный вид работ, и требует у мастера квалификации. Например, при выходе из строя, какого-либо элемента материнской платы, влечет за собой более сложный ремонт, который требует навыков и специального оборудования.&nbsp;</p>\r\n</div>\r\n<div class=\"collapse-buttons text-xs-center\">\r\n<a href=\"#\" class=\"collapse-open\"><i class=\"icon-caret-down\"></i><span>Подробнее</span></a>\r\n<a href=\"#\" class=\"collapse-close\"><i class=\"icon-caret-up\"></i><span>Скрыть</span></a>\r\n</div>\r\n</div>',0,NULL,NULL,NULL,NULL,NULL),(80,'Samsung Galaxy A3','<p>Если требуется качественный&nbsp;<strong>ремонт Samsung Galaxy A3,</strong>&nbsp;то мы Вам готовы помочь! Мы выполняем ремонтные работы любой сложности и как правило в сжатые сроки! В этом разделе нашего сайта Вы можете ознакомится с перечнем предоставляемых нами услуг. Стоит отметить что&nbsp;ремонт&nbsp;Samsung&nbsp;Galaxy A3&nbsp;в нашем сервисном центре осуществляется только опытными мастерами, применяя при этом профессиональное оборудование и оригинальные запчасти. Все это гарантирует долговечную работу Вашего устройства после ремонта в «BMSTUСервис».</p><div class=\"collapsible collapse-xs collapsed\">\r\n<div class=\"collapse-container\">\r\n<p>Так же мы оказываем и компонентный ремонт — это более сложный вид работ, и требует у мастера квалификации. Например, при выходе из строя, какого-либо элемента материнской платы, влечет за собой более сложный ремонт, который требует навыков и специального оборудования.&nbsp;</p>\r\n</div>\r\n<div class=\"collapse-buttons text-xs-center\">\r\n<a href=\"#\" class=\"collapse-open\"><i class=\"icon-caret-down\"></i><span>Подробнее</span></a>\r\n<a href=\"#\" class=\"collapse-close\"><i class=\"icon-caret-up\"></i><span>Скрыть</span></a>\r\n</div>\r\n</div>',0,NULL,NULL,NULL,NULL,NULL),(81,'Samsung Galaxy S6 EDGE','<p>Если требуется качественный&nbsp;<strong>ремонт Samsung Galaxy S6 Edge,</strong>&nbsp;то мы Вам готовы помочь! Мы выполняем ремонтные работы любой сложности и как правило в сжатые сроки! В этом разделе нашего сайта Вы можете ознакомится с перечнем предоставляемых нами услуг. Стоит отметить что&nbsp;ремонт&nbsp;Samsung&nbsp;Galaxy S6 Edge в нашем сервисном центре осуществляется только опытными мастерами, применяя при этом профессиональное оборудование и оригинальные запчасти. Все это гарантирует долговечную работу Вашего устройства после ремонта в «BMSTUСервис».</p><div class=\"collapsible collapse-xs collapsed\">\r\n<div class=\"collapse-container\">\r\n<p>Так же мы оказываем и компонентный ремонт — это более сложный вид работ, и требует у мастера квалификации. Например, при выходе из строя, какого-либо элемента материнской платы, влечет за собой более сложный ремонт, который требует навыков и специального оборудования.&nbsp;</p>\r\n</div>\r\n<div class=\"collapse-buttons text-xs-center\">\r\n<a href=\"#\" class=\"collapse-open\"><i class=\"icon-caret-down\"></i><span>Подробнее</span></a>\r\n<a href=\"#\" class=\"collapse-close\"><i class=\"icon-caret-up\"></i><span>Скрыть</span></a>\r\n</div>\r\n</div>',0,NULL,NULL,NULL,NULL,NULL),(82,'Samsung Galaxy S5','<p>Если требуется качественный <strong>ремонт Samsung Galaxy S5</strong> то мы Вам готовы помочь! Мы выполняем ремонтные работы любой сложности и как правило в жатые сроки! В этом разделе нашего сайта Вы можете ознакомится с перечнем предоставляемых нами услуг.</p>\r\n<p>Мы оказываем и компонентный ремонт — это более сложный вид работ, и требует у мастера квалификации. Например, при выходе из строя, какого-либо элемента материнской платы, влечет за собой более сложный ремонт, который требует навыков и специального оборудования. Ремонт Galaxy S5 как правило редко требуется в случае производственного брака, это говорит о том что качество данных устройств на высоком уровне.&nbsp;На все работы мы предоставляем длительную гарантию.&nbsp;</p>',0,NULL,NULL,NULL,NULL,NULL),(83,'Samsung Galaxy S4','<p>Смартфоны от компании Samsung имеют отличное качество, но, к сожалению и столь надежные устройства иногда выходят из строя. Как правило, виной тому служит человеческий фактор, при котором смартфон падает, при этом разбивается экран, либо по случайности телефон уронили в воду, вследствие чего требуется вмешательство специалиста. Это две основные причины, по которым нам приносят в ремонт Samsung Galaxy S4. К сожалению, данный вид ремонт является одним из самых дорогих, например если в смартфон попадает жидкость, то ремонт может быть достаточно дорогим и по срокам может занять до нескольких дней. Но ремонт Galaxy S4 в «BMSTUСервис» не превзойдет стоимость самого смартфона и будет гораздо дешевле, причем на качестве работ и запчастей это не отразится.</p><div class=\"collapsible collapse-xs collapsed\">\r\n<div class=\"collapse-container\">\r\n<p>Если говорить о запчастях, то стоит сказать, что мы используем только качественные и оригинальные комплектующие установка которых гарантирует длительную работу отремонтированного смартфона. Отдельно скажем, что ремонт Galaxy S4 у нас выполняют только опытные специалисты, стаж работ которых в данном направление не менее 3-х лет.</p>\r\n<p>Если Вам требуется&nbsp;<strong>ремонт Samsung Galaxy S4</strong>, то мы готовы Вам предложить качественный и профессиональный сервис. Мы устанавливаем оригинальные запчасти и предоставляем длительную гарантию. Все это дает полагать, что к ремонту подойдут с максимальной ответственностью. В таблице ниже можно ознакомиться с перечнем услуг которые мы предлагаем. Все цены указаны с учетом запчастей. Если у вас возникнут те или иные вопросы Вы всегда можете задать их нашим специалистам.&nbsp;</p>\r\n</div>\r\n<div class=\"collapse-buttons text-xs-center\">\r\n<a href=\"#\" class=\"collapse-open\"><i class=\"icon-caret-down\"></i><span>Подробнее</span></a>\r\n<a href=\"#\" class=\"collapse-close\"><i class=\"icon-caret-up\"></i><span>Скрыть</span></a>\r\n</div>\r\n</div>',0,NULL,NULL,NULL,NULL,NULL),(85,'Samsung Galaxy S4 mini','<p><span>Если Вам требуется<strong>&nbsp;ремонт Samsung Galaxy S4 mini</strong></span><span>, то мы готовы помочь! В нашем сервисном центре работают только опытные специалисты, благодаря чему работы по восстановлению Вашего гаджета займут незначительное время, а качество самого ремонта будет на должном уровне.</span></p>\r\n<p><span data-mce-mark=\"1\">Одной из распространенной услугой является замена разбитого экрана, так как этот компонент считается самыми хрупким и при падении или ударе выходит из строя именно эта деталь. Замена стекла на <span>Samsung Galaxy S4 mini</span></span><span>&nbsp;</span><span data-mce-mark=\"1\">в нашем сервисном центре производится в кратчайшие сроки с применением качественных комплектующих.</span></p><div class=\"collapsible collapse-xs collapsed\">\r\n<div class=\"collapse-container\">\r\n<div class=\"collapsible collapse-xs collapsed\">\r\n<div class=\"collapse-container\">\r\n<p><span>Наш сервисный центр оказывает услуги ремонта любой сложности качественно и быстро.&nbsp;Устанавливаем оригинальные запчасти и предоставляем длительную гарантию. Все это дает полагать, что к ремонту подойдут с максимальной ответственностью. В таблице ниже можно ознакомиться с перечнем услуг, которые мы предлагаем. Все цены указаны с учетом запчастей. Если у Вас возникнут те или иные вопросы Вы всегда можете задать их нашим специалистам.&nbsp;</span></p>\r\n</div>\r\n</div>\r\n</div>\r\n<div class=\"collapse-buttons text-xs-center\">\r\n<a href=\"#\" class=\"collapse-open\"><i class=\"icon-caret-down\"></i><span>Подробнее</span></a>\r\n<a href=\"#\" class=\"collapse-close\"><i class=\"icon-caret-up\"></i><span>Скрыть</span></a>\r\n</div>\r\n</div>',0,NULL,NULL,NULL,NULL,NULL),(86,'Samsung Galaxy S3','<p>На протяжении долгого времени ремонт Galaxy S3 для нас является обычной практикой и практически ежедневно нам приходится ремонтировать данный вид смартфонов. Сам телефон достаточно надежный и имеет прекрасное качество изготовления, но большинство услуг связаны с заменой той или иной детали, которая вышла из строя по вине самого пользователя. Например, падение телефона, в большинстве своем заканчивается плачевно, вследствие чего может треснуть сенсорное стекло или корпус который хоть и изготовлен из прочного поликарбоната. Так же никто не застрахован от попадания жидкости в смартфон, что влечет за собой выход тех или иных компонентов из чего вытекает неизбежный ремонт Galaxy S3.</p><div class=\"collapsible collapse-xs collapsed\">\r\n<div class=\"collapse-container\">\r\n<p>Мы предлагаем профессиональный&nbsp;<strong>ремонт</strong>&nbsp;<strong>Samsung Galaxy S3</strong>.&nbsp; Если Ваш смартфон вышел из строя можете не сомневаться что в «BMSTUСервис» его отремонтируют на должном уровне, и достигается это благодаря работе опытных специалистов с применением только качественных комплектующих. Мы не используем так называемые «китайские копии», наш сервисный центр работает исключительно с надежными и проверенными запчастями, что гарантирует длительную работу Вашего Galaxy S3 после ремонта у нас. Ремонт Galaxy S3 требует у специалиста определенных навыков, которые могут быть только у мастера, который ежедневно практикует данный вид услуг.</p>\r\n</div>\r\n<div class=\"collapse-buttons text-xs-center\">\r\n<a href=\"#\" class=\"collapse-open\"><i class=\"icon-caret-down\"></i><span>Подробнее</span></a>\r\n<a href=\"#\" class=\"collapse-close\"><i class=\"icon-caret-up\"></i><span>Скрыть</span></a>\r\n</div>\r\n</div>',0,NULL,NULL,NULL,NULL,NULL),(87,'Samsung Galaxy S2',' <p>Мы предлагаем профессиональный&nbsp;<strong>ремонт Samsung Galaxy S2</strong>. При ремонтных работах используются запчасти только высокого качества, никаких китайских поделок, благодаря чему отремонтированное в нашем сервисном центре устройство прослужи Вам еще очень долго. Все работы проделываются опытными специалистами с применением профессионального оборудования.</p><div class=\"collapsible collapse-xs collapsed\">\r\n<div class=\"collapse-container\">\r\n<p>Стоит выделить несколько основных видов услуг, которые являются одними из самых востребованных в нашем сервисе. Во-первых, это, конечно же, восстановление смартфона после падения. Как правило, выходит из строя сенсорное стекло которое при ударе может треснуть, пользоваться таким смартфоном согласитесь не очень комфортно. Так же при падении может быть поврежден и дисплей, после чего изображение на нем будет некорректно отображаться в виде вертикальных разноцветных полосок. В таком случае ремонт Galaxy S2 просто необходим, и качественно осуществить его смогут только специалисты. Во-вторых, часто приходится сталкиваться с аппаратами, в которых попала влага, в этом случае ремонт Galaxy S2 требует особенных навыков и выполнить его сможет только квалифицированный мастер. Как показывает практика проникновение жидкости внутрь смартфона крайне губительна, так что буте аккуратны и держите свой смартфон вдали от источников влаги.&nbsp;</p>\r\n</div>\r\n<div class=\"collapse-buttons text-xs-center\">\r\n<a href=\"#\" class=\"collapse-open\"><i class=\"icon-caret-down\"></i><span>Подробнее</span></a>\r\n<a href=\"#\" class=\"collapse-close\"><i class=\"icon-caret-up\"></i><span>Скрыть</span></a>\r\n</div>\r\n</div>',0,NULL,NULL,NULL,NULL,NULL),(88,'Samsung Galaxy Note 5','<p>Наш сервисный центр предлагает профессиональный&nbsp;<strong>ремонт&nbsp;Samsung Galaxy Note 5</strong>, с применением только качественных комплектующих. Благодаря опыту наших специалистов Вы можете не сомневаться, что услуга будет выполнена на качественном уровне, а длительная гарантия дает основание полагать что к ремонту отнесутся со всей ответственностью!</p><div class=\"collapsible collapse-xs collapsed\">\r\n<div class=\"collapse-container\">\r\n<div class=\"collapsible collapse-xs collapsed\">\r\n<div class=\"collapse-container\">\r\n<p>Так же хотим отметить что самой распространенной услугой является замена разбитого экрана, так как этот компонент считается самыми хрупким и при падении или ударе выходит из строя именно эта деталь. Замена стекла на Samsung Galaxy Note 5&nbsp;в нашем сервисном центре производится в кратчайшие сроки с применением качественных комплектующих.</p>\r\n</div>\r\n</div>\r\n</div>\r\n<div class=\"collapse-buttons text-xs-center\">\r\n<a href=\"#\" class=\"collapse-open\"><i class=\"icon-caret-down\"></i><span>Подробнее</span></a>\r\n<a href=\"#\" class=\"collapse-close\"><i class=\"icon-caret-up\"></i><span>Скрыть</span></a>\r\n</div>\r\n</div>',0,NULL,NULL,NULL,NULL,NULL),(89,'Samsung Galaxy Note 4','<p><strong>Ремонт Samsung Galaxy Note 4</strong>&nbsp;в нашем сервисном центре производится специалистами с высокой степени квалификации. Прежде чем приступить к ремонту наши мастера произведут диагностику дабы выявить скрытые дефекты после чего будет осуществлен основной ремонт.</p>\r\n<p>Стоит сказать о некоторых услугах, которые мы осуществляем чаще всего. Во первых это модульный ремонт, например замена того или иного компонента который был поврежден физически. К такой услуге можно отнести замену стекла, которое меняется в сборе с экраном. Отметить такую услугу как ремонт Note 4 после попадания влаги, в данном случае потребуется вмешательства специального оборудования. Эти и другие услуги мы выполняем на профессиональном уровне. Мы используем только качественные комплектующие и предоставляем длительную гарантию</p><div class=\"collapsible collapse-xs collapsed\">\r\n<div class=\"collapse-container\">\r\n<p>Ниже представлена таблица с перечнем и стоимостью услуг. Все цены указаны в рублях с учетом стоимости запчастей. Гарантия распространяется на все виды работ. Для более подробной информации Вы всегда можете связаться с нами любым удобным для Вас способом.</p>\r\n</div>\r\n<div class=\"collapse-buttons text-xs-center\">\r\n<a href=\"#\" class=\"collapse-open\"><i class=\"icon-caret-down\"></i><span>Подробнее</span></a>\r\n<a href=\"#\" class=\"collapse-close\"><i class=\"icon-caret-up\"></i><span>Скрыть</span></a>\r\n</div>\r\n</div>',0,NULL,NULL,NULL,NULL,NULL),(90,'Samsung Galaxy Note 3','<p>Мы осуществляем профессиональный и недорогой&nbsp;<strong>ремонт Samsung Galaxy Note 3</strong>. При ремонтных работах мы используем только оригинальные запчасти, что гарантирует длительную и надежную работу самого аппарата. На все услуги предоставляется гарантия до 6 месяцев в течении который мы устраним повторный дефект, если он возник, в кратчайшие сроки. &nbsp;Все работы проделываются специалистами с опытом работ в данной сфере. Стоит отметить так же что наш сервис использует профессиональное оборудование, благодаря которому ремонт Samsung Galaxy Note 3 N900 будет осуществлена быстро и качественно!</p><div class=\"collapsible collapse-xs collapsed\">\r\n<div class=\"collapse-container\">\r\n<p>Ниже представлена таблица с перечнем и стоимостью услуг. Все цены указаны в рублях с учетом стоимости запчастей. Гарантия распространяется на все виды услуг и начинается от 3-х месяцев. Для более подробной информации Вы всегда можете связаться с нами любым удобным для Вас способом.</p>\r\n</div>\r\n<div class=\"collapse-buttons text-xs-center\">\r\n<a href=\"#\" class=\"collapse-open\"><i class=\"icon-caret-down\"></i><span>Подробнее</span></a>\r\n<a href=\"#\" class=\"collapse-close\"><i class=\"icon-caret-up\"></i><span>Скрыть</span></a>\r\n</div>\r\n</div>',0,NULL,NULL,NULL,NULL,NULL),(91,'Samsung Galaxy Note 2','<p>Мы осуществляем профессиональный и недорогой&nbsp;<strong>ремонт Samsung Galaxy Note 2&nbsp;</strong><strong>N</strong><strong>7100</strong>. При ремонтных работах мы используем только оригинальные запчасти, что гарантирует длительную и надежную работу самого аппарата. На все услуги предоставляется гарантия до 6 месяцев в течении который мы устраним повторный дефект, если он возник, в кратчайшие сроки. &nbsp;Все работы проделываются специалистами с опытом работ в данной сфере. Стоит отметить так же что наш сервис использует профессиональное оборудование, благодаря которому ремонт Samsung Galaxy Note 2 N7100 будет осуществлена быстро и качественно!</p><div class=\"collapsible collapse-xs collapsed\">\r\n<div class=\"collapse-container\">\r\n<p>Ниже представлена таблица с перечнем и стоимостью услуг. Все цены указаны в рублях с учетом стоимости запчастей. Гарантия распространяется на все виды услуг и начинается от 3-х месяцев. Для более подробной информации Вы всегда можете связаться с нами любым удобным для Вас способом.</p>\r\n</div>\r\n<div class=\"collapse-buttons text-xs-center\">\r\n<a href=\"#\" class=\"collapse-open\"><i class=\"icon-caret-down\"></i><span>Подробнее</span></a>\r\n<a href=\"#\" class=\"collapse-close\"><i class=\"icon-caret-up\"></i><span>Скрыть</span></a>\r\n</div>\r\n</div>',0,NULL,NULL,NULL,NULL,NULL),(92,'Samsung Galaxy Note Edge','<p><span>Наш cервис-центр&nbsp;</span><span>предлагает широкий спектр услуг по&nbsp;<span>ремонту <strong>Samsung Galaxy Note Edge&nbsp;<span>SM-N915F</span></strong></span>. Решаем проблемы любой сложности, будь то замена внутренних компонентов либо более сложный ремонт, при этом используем только оригинальные комплектующие.</span></p>\r\n<p><span>Наши специалисты готовы привести в чувство ваш гаджет даже если его состояние практически безнадежно, достигается это благодаря многолетнему опыту наших мастеров, так и профессиональному оборудованию которое применяется при ремонтных работах.</span></p><div class=\"collapsible collapse-xs collapsed\">\r\n<div class=\"collapse-container\">\r\n<div class=\"collapsible collapse-xs collapsed\">\r\n<div class=\"collapse-container\">\r\n<p><span>Стоит отметить что после проведения ремонта мы предоставляем гарантию как на выполнение работы, так и на комплектующие..</span></p>\r\n</div>\r\n</div>\r\n</div>\r\n<div class=\"collapse-buttons text-xs-center\">\r\n<a href=\"#\" class=\"collapse-open\"><i class=\"icon-caret-down\"></i><span>Подробнее</span></a>\r\n<a href=\"#\" class=\"collapse-close\"><i class=\"icon-caret-up\"></i><span>Скрыть</span></a>\r\n</div>\r\n</div>',0,NULL,NULL,NULL,NULL,NULL);
/*!40000 ALTER TABLE `device` ENABLE KEYS */;
UNLOCK TABLES;

--
-- Table structure for table `deviceassign`
--

DROP TABLE IF EXISTS `deviceassign`;
/*!40101 SET @saved_cs_client     = @@character_set_client */;
/*!40101 SET character_set_client = utf8 */;
CREATE TABLE `deviceassign` (
  `id` int(11) NOT NULL AUTO_INCREMENT,
  `price` int(11) DEFAULT NULL,
  `duration` int(11) DEFAULT NULL,
  `guaranty` int(11) DEFAULT NULL,
  `device_id` int(11) NOT NULL,
  `service_id` int(11) NOT NULL,
  `warning` varchar(200) DEFAULT NULL,
  PRIMARY KEY (`id`),
  KEY `fk_deviceassign_device1_idx` (`device_id`),
  KEY `fk_deviceassign_service1_idx` (`service_id`)
) ENGINE=InnoDB AUTO_INCREMENT=43 DEFAULT CHARSET=utf8;
/*!40101 SET character_set_client = @saved_cs_client */;

--
-- Dumping data for table `deviceassign`
--

LOCK TABLES `deviceassign` WRITE;
/*!40000 ALTER TABLE `deviceassign` DISABLE KEYS */;
INSERT INTO `deviceassign` VALUES (1,0,5,NULL,2,1,NULL),(2,5990,30,6,2,2,'Модель 2013 года'),(3,4990,30,6,2,2,'Модель 2012 года'),(4,NULL,20,NULL,2,3,NULL),(5,990,20,1,2,4,NULL),(6,1290,30,3,2,5,'При попадании влаги выключите устройство и не подключайте к зарядному устройству!'),(7,990,40,3,2,6,NULL),(8,990,20,6,2,7,NULL),(9,2990,10,1,2,8,NULL),(10,1490,30,6,2,9,NULL),(11,NULL,30,6,2,10,NULL),(12,NULL,30,6,2,11,NULL),(13,NULL,30,6,2,12,NULL),(14,1490,40,3,2,13,NULL),(15,1490,30,3,2,14,NULL),(16,1290,120,6,2,15,NULL),(17,1990,40,6,2,16,NULL),(18,NULL,180,6,2,17,NULL),(19,NULL,120,6,2,18,NULL),(20,0,5,NULL,3,1,NULL),(21,10900,60,6,3,2,'Оригинальный дисплей в сборе стекло + экран!'),(22,2500,30,6,3,3,NULL),(23,NULL,30,6,3,19,NULL),(24,1291,30,3,3,5,'При попадании влаги выключите устройство и не подключайте к зарядному устройству!'),(25,990,20,1,3,4,NULL),(26,1990,20,3,3,6,NULL),(27,1990,20,6,3,7,NULL),(28,2300,20,6,3,20,NULL),(29,2500,30,3,3,8,NULL),(30,2500,30,6,3,9,NULL),(31,1900,20,6,3,21,NULL),(32,1900,30,6,3,10,NULL),(33,2190,30,6,3,22,NULL),(34,NULL,30,6,3,11,NULL),(35,NULL,30,6,3,12,NULL),(36,1990,40,3,3,13,NULL),(37,1990,30,3,3,14,NULL),(38,2390,20,6,3,23,NULL),(39,6990,180,6,3,17,NULL),(40,1291,120,6,3,15,NULL),(41,6990,120,6,3,18,NULL),(42,3490,60,6,3,16,NULL);
/*!40000 ALTER TABLE `deviceassign` ENABLE KEYS */;
UNLOCK TABLES;

--
-- Table structure for table `feedback`
--

DROP TABLE IF EXISTS `feedback`;
/*!40101 SET @saved_cs_client     = @@character_set_client */;
/*!40101 SET character_set_client = utf8 */;
CREATE TABLE `feedback` (
  `id` int(11) NOT NULL AUTO_INCREMENT,
  `email` varchar(30) DEFAULT NULL,
  `firstname` varchar(30) NOT NULL,
  `fulltext` text,
  `publish` tinyint(4) DEFAULT '0',
  `date` datetime DEFAULT CURRENT_TIMESTAMP,
  PRIMARY KEY (`id`)
) ENGINE=InnoDB AUTO_INCREMENT=27 DEFAULT CHARSET=utf8;
/*!40101 SET character_set_client = @saved_cs_client */;

--
-- Dumping data for table `feedback`
--

LOCK TABLES `feedback` WRITE;
/*!40000 ALTER TABLE `feedback` DISABLE KEYS */;
INSERT INTO `feedback` VALUES (8,'qqweqwe','wqeqwe','qweqweqweqwe',0,'2015-09-22 18:13:22'),(9,NULL,'Алексей','Очень славные ребята у вас работают. Сломался Хуавей Хонор-6. Поехал в рем мастрскую на Щелковской. Пообещали починить за 5 000 рэ и 2 недели. Срок меня не устроил и я поехал сюда. В IQСервис у меня взяли телефон, и за 10 (десять) сек все исправили. Там разъем просто засорился. В общем, молодцы. Хорошие специалисты, а главное - честные!',1,'2015-09-22 17:33:21'),(10,NULL,'Рустам','Менял экран на Meizu mx4. Спасибо вам огромное!!! Все просто идеально!!! Теперь знаю куда обращаться за ремонтом техники! Очень рекомендую данный сервис. Вы лучшие!',1,'2015-09-22 17:33:35'),(11,NULL,'Сергей','Имел несчастье 2 раза подряд разбить телефон Meizu mx4. Поскольку сам живу в другом городе, для меня была очень важна оперативность ремонта. Выражаю огромную благодарность сотрудникам сервиса, которые вошли в положение, и произвели качественный и быстрый ремонт аппарата (у официальных представителей он занял бы на 13 дней больше). Также очень порадовала стоимость ремонта. Рекомендую данный сервис. Спасибо Вам большое!',1,'2015-09-22 17:33:49'),(12,NULL,'Анастасия','Хочу выразить огромную благодарность ребятам данного сервиса!!! Телефон искупался в супе, принесла им в ремонт, взяли на диагностику (дали взамен телефон чтоб была на связи), быстро все сделали, почистили, я осталась довольна! Спасибо за оперативность и результат, всем советую данный сервис!!!',1,'2015-09-22 17:34:11'),(13,NULL,'Андрей','Будучи в командировке в Москве, уронил свой Айфон. Естественно, стекло все \"в сеточку\". Обратился в несколько сервисных центров, в том числе в BMSTUСервис - их цены выгодно отличались от конкурентов, меня это конечно же подкупило. Утром заехал, отдал телефон, в обед уже забрал из ремонта. Теперь как новенький. Ребятам респект!',1,'2015-09-22 17:34:27'),(14,NULL,'Елена','Хочу выразить благодарность ребятам и BMSTUСервис! После очередного падения моего айфон 5с он все таки приказал долго жить))) экран был разбит. Так как телефон нужен постоянно требовалась срочная замена экрана. Обратилась именно в это сервисный центр так как из многочисленных мне показалось что тут работают профессионалы знающие толк в своем деле. Еще было важно чтобы с деталью не обманули и поставили качественную запчасть. Собственно говоря весь ремонт длился 20 минут, поставили оригинальный дисплей! Теперь в случае чего только сюда) Всем рекомендую!',1,'2015-09-22 17:34:42'),(15,NULL,'Богославский Илья','Спасибо ребятам за качественно и быстро выполненную работу.Носил телефон в сервисный центр с разбитым дисплеем мне зарядили за дисплей 6500 еще 4000 р.за какой-то контроллер ,отнес ребятам в BMSTU сервис ,оказалось что не какой контроллер менять не нужно,сделали только экран и намного дешевле.Подарили пленочку. Спасибо огромное!',1,'2015-09-22 17:35:28'),(16,NULL,'Екатерина','Хочу выразить благодарность коллективу сервисного центра BMSTUСервис! Починили мой OnePlus One быстро и качественно. Рекомендую!;)',1,'2015-09-22 17:35:42'),(17,NULL,'Александр','Спасибо ребятам за помощь! Все отлично сделали. Разбил экран на айфон 6. Поставили действительно оригинал, так как для меня это было очень важно.',1,'2015-09-22 17:35:52'),(18,NULL,'Антон','Продиагностировали и починили кнопку в Nexus 5 за 15 минут. До этого обращался к \"официалам\", объявили 11 к. и замену платы. Жалею, что сразу не обратился в BMSTU сервис. Хорошие ребята. И поболтать приятно)',1,'2015-09-22 17:36:09'),(19,NULL,'Troy Castor','Отличный сервис. Работают профессионалы! Делают быстро и качественно. Нареканий нет.',1,'2015-09-22 17:36:20'),(20,NULL,'Дмитрий','Чинил Nexus 5 со сложными заводским браком. После диагностики выяснилось, что придётся менять материнскую плату. Сейчас пишу с него, причин для недовольства нет. Работа выполнена хорошо и за разумные деньги.',1,'2015-09-22 17:36:41'),(21,NULL,'Андрей','Менял тачскрин (в сборе с дисплеем и рамкой) на Nexus 5. Не сказать, что дешевле, чем где-то ещё, но быстро, с оригинальными запчастями и качественной работой. Доволен. Вежливый персонал.',1,'2015-09-22 17:36:56'),(22,NULL,'Йоханес','Отличный сервис. Поменяли дисплей на 5 нексусе и сделали приятную скидку.',1,'2015-09-22 17:37:15'),(23,NULL,'Константин','Все грамотно, четко и быстро!Лучший сервис, который я видел!',1,'2015-09-22 17:37:38'),(24,'ily@ya.ru','Илья','Всё просто супер!',1,'2015-09-22 19:36:58'),(25,'max@max.ru','Макс','ммм',0,'2015-09-23 23:02:53'),(26,'iv@ya.ru','Иван','супер-супер',0,'2015-09-23 23:04:38');
/*!40000 ALTER TABLE `feedback` ENABLE KEYS */;
UNLOCK TABLES;

--
-- Table structure for table `service`
--

DROP TABLE IF EXISTS `service`;
/*!40101 SET @saved_cs_client     = @@character_set_client */;
/*!40101 SET character_set_client = utf8 */;
CREATE TABLE `service` (
  `id` int(11) NOT NULL AUTO_INCREMENT,
  `name` varchar(60) NOT NULL,
  `smalldesc` varchar(255) DEFAULT NULL,
  `category_id` int(11) DEFAULT NULL,
  `pos` int(11) DEFAULT NULL,
  PRIMARY KEY (`id`),
  UNIQUE KEY `name_UNIQUE` (`name`),
  KEY `fk_service_category_idx` (`category_id`)
) ENGINE=InnoDB AUTO_INCREMENT=24 DEFAULT CHARSET=utf8;
/*!40101 SET character_set_client = @saved_cs_client */;

--
-- Dumping data for table `service`
--

LOCK TABLES `service` WRITE;
/*!40000 ALTER TABLE `service` DISABLE KEYS */;
INSERT INTO `service` VALUES (1,'Диагностика','Производим диагностику, находим неисправность, после чего озвучиваем окончательную стоимость и сроки ремонта.',NULL,1),(2,'Замена стекла (стекло + дисплей)','Стекло треснуло, на экране полосы, сенсор не реагирует на прикосновение.',NULL,2),(3,'Замена крышки корпуса','Крышка треснула, на ней появились царапины, потертости.',NULL,3),(4,'Программный ремонт','Телефон не загружается, работает с перебоями, \"завис\" на логотипе.',NULL,5),(5,'Ремонт после попадания влаги','Влага, попавшая на электронные компоненты телефона может оказать крайне негативное влияние на само устройство, рекомендуем в спешном порядке обратится в специализированный сервисный центр.',NULL,6),(6,'Ремонт кнопки включения','Отсутствует реакция на нажатие кнопки блокировки.',1,1),(7,'Ремонт кнопок регулировки громкости','Реакция на нажатия кнопок отсутствует либо срабатывает через раз.',1,2),(8,'Замена аккумулятора','Быстрый разряд, выключается при полном или частичном уровне заряда, перезагружается.',2,1),(9,'Замена микрофона','Собеседник вас плохо либо вовсе не слышит, звук с помехами, глухой звук.',2,2),(10,'Замена полифонического динамика','Звук тихий либо отсутствует при входящем звонке, присутствует характерный хрип.',2,4),(11,'Замена основной камеры','Нет реакции на включения камеры, присутствуют дефекты, смазанные снимки, отсутствует автофокус.',2,6),(12,'Замена передней камеры','Нет реакции на включения камеры, присутствуют дефекты, смазанные снимки, отсутствует автофокус.',2,7),(13,'Замена разъема питания','Телефон не заряжается, нет реакции на подключения кабеля зарядного устройства.',3,1),(14,'Замена рaзъема наушников','Отсутствует звук в наушниках, либо звук искажен, работает один из каналов наушников.',3,2),(15,'Замена разъемов на плате','Разъемы на плате: под аккумулятор, дисплей и т.п.',4,2),(16,'Замена SIM-приёмника','Телефон не видит сим карту.',4,4),(17,'Замена контроллера питания','Телефон не включается или не заряжается.',4,1),(18,'Замена микросхемы WiFi','Плохой или не устойчивый сигнал WiFi, не работает WiFi либо Bluetooth.',4,3),(19,'Рамка корпуса','Рамка корпуса погнулась, на нем появились царапины или вмятины.',NULL,4),(20,'Ремонт кнопки Home','Периодически не срабатывает или вовсе не реагирует на нажатие.',1,3),(21,'Замена слухового динамика','Плохо либо вовсе не слышно собеседника, динамик хрипит.',2,3),(22,'Замена вибромотора','Отсутствует вибро отдача при переводе в бесшумный режим.',2,5),(23,'Замена шлейфа с датчиками светочувствительности','Не гаснет экран при разговоре, не работает передняя камера или слуховой динамик.',3,3);
/*!40000 ALTER TABLE `service` ENABLE KEYS */;
UNLOCK TABLES;
/*!40103 SET TIME_ZONE=@OLD_TIME_ZONE */;

/*!40101 SET SQL_MODE=@OLD_SQL_MODE */;
/*!40014 SET FOREIGN_KEY_CHECKS=@OLD_FOREIGN_KEY_CHECKS */;
/*!40014 SET UNIQUE_CHECKS=@OLD_UNIQUE_CHECKS */;
/*!40101 SET CHARACTER_SET_CLIENT=@OLD_CHARACTER_SET_CLIENT */;
/*!40101 SET CHARACTER_SET_RESULTS=@OLD_CHARACTER_SET_RESULTS */;
/*!40101 SET COLLATION_CONNECTION=@OLD_COLLATION_CONNECTION */;
/*!40111 SET SQL_NOTES=@OLD_SQL_NOTES */;

-- Dump completed on 2015-10-08  9:10:45
